{
	"format_version": "1.21.6",
	"credit": "Green Guy",
	"textures": {
		"0": "block/snow/snow_overlay_3",
		"particle": "block/snow/snow_overlay_3"
	},
	"elements": [
		{
			"from": [0.99, -8, -0.01],
			"to": [1.99, -7, -0.01],
			"rotation": {"angle": 0, "axis": "y", "origin": [-0.01, 0, -0.01]},
			"faces": {
				"north": {"uv": [14, 8, 15, 9], "texture": "#0", "cullface": "north"},
				"south": {"uv": [15, 8, 14, 9], "texture": "#0", "cullface": "north"}
			}
		},
		{
			"from": [-0.01, -7, -0.01],
			"to": [2.99, -5, -0.01],
			"rotation": {"angle": 0, "axis": "y", "origin": [-0.01, 0, -0.01]},
			"faces": {
				"north": {"uv": [13, 6, 16, 8], "texture": "#0", "cullface": "north"},
				"south": {"uv": [16, 6, 13, 8], "texture": "#0", "cullface": "north"}
			}
		},
		{
			"from": [2.99, -6, -0.01],
			"to": [4.99, -5, -0.01],
			"rotation": {"angle": 0, "axis": "y", "origin": [-0.01, 0, -0.01]},
			"faces": {
				"north": {"uv": [11, 6, 13, 7], "texture": "#0", "cullface": "north"},
				"south": {"uv": [13, 6, 11, 7], "texture": "#0", "cullface": "north"}
			}
		},
		{
			"from": [5.99, -6, -0.01],
			"to": [6.99, -5, -0.01],
			"rotation": {"angle": 0, "axis": "y", "origin": [-0.01, 0, -0.01]},
			"faces": {
				"north": {"uv": [9, 6, 10, 7], "texture": "#0", "cullface": "north"},
				"south": {"uv": [10, 6, 9, 7], "texture": "#0", "cullface": "north"}
			}
		},
		{
			"from": [8.99, -8, -0.01],
			"to": [9.99, -6, -0.01],
			"rotation": {"angle": 0, "axis": "y", "origin": [-0.01, 0, -0.01]},
			"faces": {
				"north": {"uv": [6, 7, 7, 9], "texture": "#0", "cullface": "north"},
				"south": {"uv": [7, 7, 6, 9], "texture": "#0", "cullface": "north"}
			}
		},
		{
			"from": [7.99, -6, -0.01],
			"to": [10.99, -5, -0.01],
			"rotation": {"angle": 0, "axis": "y", "origin": [-0.01, 0, -0.01]},
			"faces": {
				"north": {"uv": [5, 6, 8, 7], "texture": "#0", "cullface": "north"},
				"south": {"uv": [8, 6, 5, 7], "texture": "#0", "cullface": "north"}
			}
		},
		{
			"from": [10.99, -7, -0.01],
			"to": [14.99, -5, -0.01],
			"rotation": {"angle": 0, "axis": "y", "origin": [-0.01, 0, -0.01]},
			"faces": {
				"north": {"uv": [1, 6, 5, 8], "texture": "#0", "cullface": "north"},
				"south": {"uv": [5, 6, 1, 8], "texture": "#0", "cullface": "north"}
			}
		},
		{
			"from": [-0.01, -5, -0.01],
			"to": [14.99, 1, -0.01],
			"rotation": {"angle": 0, "axis": "y", "origin": [-0.01, 0, -0.01]},
			"faces": {
				"north": {"uv": [1, 0, 16, 6], "texture": "#0", "cullface": "north"},
				"south": {"uv": [16, 0, 1, 6], "texture": "#0", "cullface": "north"}
			}
		},
		{
			"from": [14.99, -8, -0.01],
			"to": [16.01, 1, -0.01],
			"rotation": {"angle": 0, "axis": "y", "origin": [-0.01, 0, -0.01]},
			"faces": {
				"north": {"uv": [0, 0, 1, 9], "texture": "#0", "cullface": "north"},
				"south": {"uv": [1, 0, 0, 9], "texture": "#0", "cullface": "north"}
			}
		},
		{
			"from": [16.01, -8, 0.99],
			"to": [16.01, -7, 1.99],
			"rotation": {"angle": 0, "axis": "y", "origin": [16.01, 0, -0.01]},
			"faces": {
				"east": {"uv": [14, 8, 15, 9], "texture": "#0", "cullface": "east"},
				"west": {"uv": [15, 8, 14, 9], "texture": "#0", "cullface": "east"}
			}
		},
		{
			"from": [16.01, -7, -0.01],
			"to": [16.01, -5, 2.99],
			"rotation": {"angle": 0, "axis": "y", "origin": [16.01, 0, -0.01]},
			"faces": {
				"east": {"uv": [13, 6, 16, 8], "texture": "#0", "cullface": "east"},
				"west": {"uv": [16, 6, 13, 8], "texture": "#0", "cullface": "east"}
			}
		},
		{
			"from": [16.01, -6, 2.99],
			"to": [16.01, -5, 4.99],
			"rotation": {"angle": 0, "axis": "y", "origin": [16.01, 0, -0.01]},
			"faces": {
				"east": {"uv": [11, 6, 13, 7], "texture": "#0", "cullface": "east"},
				"west": {"uv": [13, 6, 11, 7], "texture": "#0", "cullface": "east"}
			}
		},
		{
			"from": [16.01, -6, 5.99],
			"to": [16.01, -5, 6.99],
			"rotation": {"angle": 0, "axis": "y", "origin": [16.01, 0, -0.01]},
			"faces": {
				"east": {"uv": [9, 6, 10, 7], "texture": "#0", "cullface": "east"},
				"west": {"uv": [10, 6, 9, 7], "texture": "#0", "cullface": "east"}
			}
		},
		{
			"from": [16.01, -8, 8.99],
			"to": [16.01, -6, 9.99],
			"rotation": {"angle": 0, "axis": "y", "origin": [16.01, 0, -0.01]},
			"faces": {
				"east": {"uv": [6, 7, 7, 9], "texture": "#0", "cullface": "east"},
				"west": {"uv": [7, 7, 6, 9], "texture": "#0", "cullface": "east"}
			}
		},
		{
			"from": [16.01, -6, 7.99],
			"to": [16.01, -5, 10.99],
			"rotation": {"angle": 0, "axis": "y", "origin": [16.01, 0, -0.01]},
			"faces": {
				"east": {"uv": [5, 6, 8, 7], "texture": "#0", "cullface": "east"},
				"west": {"uv": [8, 6, 5, 7], "texture": "#0", "cullface": "east"}
			}
		},
		{
			"from": [16.01, -7, 10.99],
			"to": [16.01, -5, 14.99],
			"rotation": {"angle": 0, "axis": "y", "origin": [16.01, 0, -0.01]},
			"faces": {
				"east": {"uv": [1, 6, 5, 8], "texture": "#0", "cullface": "east"},
				"west": {"uv": [5, 6, 1, 8], "texture": "#0", "cullface": "east"}
			}
		},
		{
			"from": [16.01, -5, -0.01],
			"to": [16.01, 1, 14.99],
			"rotation": {"angle": 0, "axis": "y", "origin": [16.01, 0, -0.01]},
			"faces": {
				"east": {"uv": [1, 0, 16, 6], "texture": "#0", "cullface": "east"},
				"west": {"uv": [16, 0, 1, 6], "texture": "#0", "cullface": "east"}
			}
		},
		{
			"from": [16.01, -8, 14.99],
			"to": [16.01, 1, 16.01],
			"rotation": {"angle": 0, "axis": "y", "origin": [16.01, 0, -0.01]},
			"faces": {
				"east": {"uv": [0, 0, 1, 9], "texture": "#0", "cullface": "east"},
				"west": {"uv": [1, 0, 0, 9], "texture": "#0", "cullface": "east"}
			}
		},
		{
			"from": [14.01, -8, 16.01],
			"to": [15.01, -7, 16.01],
			"rotation": {"angle": 0, "axis": "y", "origin": [16.01, 0, 16.01]},
			"faces": {
				"north": {"uv": [15, 8, 14, 9], "texture": "#0", "cullface": "south"},
				"south": {"uv": [14, 8, 15, 9], "texture": "#0", "cullface": "south"}
			}
		},
		{
			"from": [13.01, -7, 16.01],
			"to": [16.01, -5, 16.01],
			"rotation": {"angle": 0, "axis": "y", "origin": [16.01, 0, 16.01]},
			"faces": {
				"north": {"uv": [16, 6, 13, 8], "texture": "#0", "cullface": "south"},
				"south": {"uv": [13, 6, 16, 8], "texture": "#0", "cullface": "south"}
			}
		},
		{
			"from": [11.01, -6, 16.01],
			"to": [13.01, -5, 16.01],
			"rotation": {"angle": 0, "axis": "y", "origin": [16.01, 0, 16.01]},
			"faces": {
				"north": {"uv": [13, 6, 11, 7], "texture": "#0", "cullface": "south"},
				"south": {"uv": [11, 6, 13, 7], "texture": "#0", "cullface": "south"}
			}
		},
		{
			"from": [9.01, -6, 16.01],
			"to": [10.01, -5, 16.01],
			"rotation": {"angle": 0, "axis": "y", "origin": [16.01, 0, 16.01]},
			"faces": {
				"north": {"uv": [10, 6, 9, 7], "texture": "#0", "cullface": "south"},
				"south": {"uv": [9, 6, 10, 7], "texture": "#0", "cullface": "south"}
			}
		},
		{
			"from": [6.01, -8, 16.01],
			"to": [7.01, -6, 16.01],
			"rotation": {"angle": 0, "axis": "y", "origin": [16.01, 0, 16.01]},
			"faces": {
				"north": {"uv": [7, 7, 6, 9], "texture": "#0", "cullface": "south"},
				"south": {"uv": [6, 7, 7, 9], "texture": "#0", "cullface": "south"}
			}
		},
		{
			"from": [5.01, -6, 16.01],
			"to": [8.01, -5, 16.01],
			"rotation": {"angle": 0, "axis": "y", "origin": [16.01, 0, 16.01]},
			"faces": {
				"north": {"uv": [8, 6, 5, 7], "texture": "#0", "cullface": "south"},
				"south": {"uv": [5, 6, 8, 7], "texture": "#0", "cullface": "south"}
			}
		},
		{
			"from": [1.01, -7, 16.01],
			"to": [5.01, -5, 16.01],
			"rotation": {"angle": 0, "axis": "y", "origin": [16.01, 0, 16.01]},
			"faces": {
				"north": {"uv": [5, 6, 1, 8], "texture": "#0", "cullface": "south"},
				"south": {"uv": [1, 6, 5, 8], "texture": "#0", "cullface": "south"}
			}
		},
		{
			"from": [1.01, -5, 16.01],
			"to": [16.01, 1, 16.01],
			"rotation": {"angle": 0, "axis": "y", "origin": [16.01, 0, 16.01]},
			"faces": {
				"north": {"uv": [16, 0, 1, 6], "texture": "#0", "cullface": "south"},
				"south": {"uv": [1, 0, 16, 6], "texture": "#0", "cullface": "south"}
			}
		},
		{
			"from": [-0.01, -8, 16.01],
			"to": [1.01, 1, 16.01],
			"rotation": {"angle": 0, "axis": "y", "origin": [16.01, 0, 16.01]},
			"faces": {
				"north": {"uv": [1, 0, 0, 9], "texture": "#0", "cullface": "south"},
				"south": {"uv": [0, 0, 1, 9], "texture": "#0", "cullface": "south"}
			}
		},
		{
			"from": [-0.01, -8, 14.01],
			"to": [-0.01, -7, 15.01],
			"rotation": {"angle": 0, "axis": "y", "origin": [-0.01, 0, 16.01]},
			"faces": {
				"east": {"uv": [15, 8, 14, 9], "texture": "#0", "cullface": "west"},
				"west": {"uv": [14, 8, 15, 9], "texture": "#0", "cullface": "west"}
			}
		},
		{
			"from": [-0.01, -7, 13.01],
			"to": [-0.01, -5, 16.01],
			"rotation": {"angle": 0, "axis": "y", "origin": [-0.01, 0, 16.01]},
			"faces": {
				"east": {"uv": [16, 6, 13, 8], "texture": "#0", "cullface": "west"},
				"west": {"uv": [13, 6, 16, 8], "texture": "#0", "cullface": "west"}
			}
		},
		{
			"from": [-0.01, -6, 11.01],
			"to": [-0.01, -5, 13.01],
			"rotation": {"angle": 0, "axis": "y", "origin": [-0.01, 0, 16.01]},
			"faces": {
				"east": {"uv": [13, 6, 11, 7], "texture": "#0", "cullface": "west"},
				"west": {"uv": [11, 6, 13, 7], "texture": "#0", "cullface": "west"}
			}
		},
		{
			"from": [-0.01, -6, 9.01],
			"to": [-0.01, -5, 10.01],
			"rotation": {"angle": 0, "axis": "y", "origin": [-0.01, 0, 16.01]},
			"faces": {
				"east": {"uv": [10, 6, 9, 7], "texture": "#0", "cullface": "west"},
				"west": {"uv": [9, 6, 10, 7], "texture": "#0", "cullface": "west"}
			}
		},
		{
			"from": [-0.01, -8, 6.01],
			"to": [-0.01, -6, 7.01],
			"rotation": {"angle": 0, "axis": "y", "origin": [-0.01, 0, 16.01]},
			"faces": {
				"east": {"uv": [7, 7, 6, 9], "texture": "#0", "cullface": "west"},
				"west": {"uv": [6, 7, 7, 9], "texture": "#0", "cullface": "west"}
			}
		},
		{
			"from": [-0.01, -6, 5.01],
			"to": [-0.01, -5, 8.01],
			"rotation": {"angle": 0, "axis": "y", "origin": [-0.01, 0, 16.01]},
			"faces": {
				"east": {"uv": [8, 6, 5, 7], "texture": "#0", "cullface": "west"},
				"west": {"uv": [5, 6, 8, 7], "texture": "#0", "cullface": "west"}
			}
		},
		{
			"from": [-0.01, -7, 1.01],
			"to": [-0.01, -5, 5.01],
			"rotation": {"angle": 0, "axis": "y", "origin": [-0.01, 0, 16.01]},
			"faces": {
				"east": {"uv": [5, 6, 1, 8], "texture": "#0", "cullface": "west"},
				"west": {"uv": [1, 6, 5, 8], "texture": "#0", "cullface": "west"}
			}
		},
		{
			"from": [-0.01, -5, 1.01],
			"to": [-0.01, 1, 16.01],
			"rotation": {"angle": 0, "axis": "y", "origin": [-0.01, 0, 16.01]},
			"faces": {
				"east": {"uv": [16, 0, 1, 6], "texture": "#0", "cullface": "west"},
				"west": {"uv": [1, 0, 16, 6], "texture": "#0", "cullface": "west"}
			}
		},
		{
			"from": [-0.01, -8, -0.01],
			"to": [-0.01, 1, 1.01],
			"rotation": {"angle": 0, "axis": "y", "origin": [-0.01, 0, 16.01]},
			"faces": {
				"east": {"uv": [1, 0, 0, 9], "texture": "#0", "cullface": "west"},
				"west": {"uv": [0, 0, 1, 9], "texture": "#0", "cullface": "west"}
			}
		}
	],
	"display": {
		"thirdperson_righthand": {
			"rotation": [75, 45, 0],
			"translation": [0, 2.5, 2],
			"scale": [0.375, 0.375, 0.375]
		},
		"thirdperson_lefthand": {
			"rotation": [75, 45, 0],
			"translation": [0, 2.5, 0],
			"scale": [0.375, 0.375, 0.375]
		},
		"firstperson_righthand": {
			"rotation": [0, 45, 0],
			"translation": [0, 4.2, 0],
			"scale": [0.4, 0.4, 0.4]
		},
		"firstperson_lefthand": {
			"rotation": [0, -135, 0],
			"translation": [0, 4.2, 0],
			"scale": [0.4, 0.4, 0.4]
		},
		"ground": {
			"translation": [0, 3, 0],
			"scale": [0.25, 0.25, 0.25]
		},
		"gui": {
			"rotation": [30, -135, 0],
			"translation": [0, 6.25, 0],
			"scale": [0.625, 0.625, 0.625]
		},
		"head": {
			"translation": [0, 13.55, 0],
			"scale": [0.9, 0.9, 0.9]
		},
		"fixed": {
			"scale": [0.5, 0.5, 0.5]
		}
	},
	"groups": [
		{
			"name": "north",
			"origin": [0, 0, 0],
			"color": 0,
			"children": [0, 1, 2, 3, 4, 5, 6, 7, 8]
		},
		{
			"name": "east",
			"origin": [0, 0, 0],
			"color": 0,
			"children": [9, 10, 11, 12, 13, 14, 15, 16, 17]
		},
		{
			"name": "south",
			"origin": [0, 0, 0],
			"color": 0,
			"children": [18, 19, 20, 21, 22, 23, 24, 25, 26]
		},
		{
			"name": "west",
			"origin": [0, 0, 0],
			"color": 0,
			"children": [27, 28, 29, 30, 31, 32, 33, 34, 35]
		}
	]
}