{
	"format_version": "1.21.6",
	"credit": "Green Guy",
	"textures": {
		"0": "block/snow/snow_overlay_2",
		"particle": "block/snow/snow_overlay_2"
	},
	"elements": [
		{
			"from": [14.99, -6, -0.01],
			"to": [16.01, 1, -0.01],
			"rotation": {"angle": 0, "axis": "y", "origin": [-0.01, 0, -0.01]},
			"faces": {
				"north": {"uv": [0, 0, 1, 7], "texture": "#0", "cullface": "north"},
				"south": {"uv": [1, 0, 0, 7], "texture": "#0", "cullface": "north"}
			}
		},
		{
			"from": [5.99, -7, -0.01],
			"to": [9.99, -6, -0.01],
			"rotation": {"angle": 0, "axis": "y", "origin": [-0.01, 0, -0.01]},
			"faces": {
				"north": {"uv": [6, 7, 10, 8], "texture": "#0", "cullface": "north"},
				"south": {"uv": [10, 7, 6, 8], "texture": "#0", "cullface": "north"}
			}
		},
		{
			"from": [0.99, -6, -0.01],
			"to": [1.99, -5, -0.01],
			"rotation": {"angle": 0, "axis": "y", "origin": [-0.01, 0, -0.01]},
			"faces": {
				"north": {"uv": [14, 6, 15, 7], "texture": "#0", "cullface": "north"},
				"south": {"uv": [15, 6, 14, 7], "texture": "#0", "cullface": "north"}
			}
		},
		{
			"from": [4.99, -6, -0.01],
			"to": [10.99, -5, -0.01],
			"rotation": {"angle": 0, "axis": "y", "origin": [-0.01, 0, -0.01]},
			"faces": {
				"north": {"uv": [5, 6, 11, 7], "texture": "#0", "cullface": "north"},
				"south": {"uv": [11, 6, 5, 7], "texture": "#0", "cullface": "north"}
			}
		},
		{
			"from": [13.99, -6, -0.01],
			"to": [14.99, -5, -0.01],
			"rotation": {"angle": 0, "axis": "y", "origin": [-0.01, 0, -0.01]},
			"faces": {
				"north": {"uv": [1, 6, 2, 7], "texture": "#0", "cullface": "north"},
				"south": {"uv": [2, 6, 1, 7], "texture": "#0", "cullface": "north"}
			}
		},
		{
			"from": [-0.01, -5, -0.01],
			"to": [14.99, 1, -0.01],
			"rotation": {"angle": 0, "axis": "y", "origin": [-0.01, 0, -0.01]},
			"faces": {
				"north": {"uv": [1, 0, 16, 6], "texture": "#0", "cullface": "north"},
				"south": {"uv": [16, 0, 1, 6], "texture": "#0", "cullface": "north"}
			}
		},
		{
			"from": [16.01, -6, 14.99],
			"to": [16.01, 1, 16.01],
			"rotation": {"angle": 0, "axis": "y", "origin": [16.01, 0, -0.01]},
			"faces": {
				"east": {"uv": [0, 0, 1, 7], "texture": "#0", "cullface": "east"},
				"west": {"uv": [1, 0, 0, 7], "texture": "#0", "cullface": "east"}
			}
		},
		{
			"from": [16.01, -7, 5.99],
			"to": [16.01, -6, 9.99],
			"rotation": {"angle": 0, "axis": "y", "origin": [16.01, 0, -0.01]},
			"faces": {
				"east": {"uv": [6, 7, 10, 8], "texture": "#0", "cullface": "east"},
				"west": {"uv": [10, 7, 6, 8], "texture": "#0", "cullface": "east"}
			}
		},
		{
			"from": [16.01, -6, 0.99],
			"to": [16.01, -5, 1.99],
			"rotation": {"angle": 0, "axis": "y", "origin": [16.01, 0, -0.01]},
			"faces": {
				"east": {"uv": [14, 6, 15, 7], "texture": "#0", "cullface": "east"},
				"west": {"uv": [15, 6, 14, 7], "texture": "#0", "cullface": "east"}
			}
		},
		{
			"from": [16.01, -6, 4.99],
			"to": [16.01, -5, 10.99],
			"rotation": {"angle": 0, "axis": "y", "origin": [16.01, 0, -0.01]},
			"faces": {
				"east": {"uv": [5, 6, 11, 7], "texture": "#0", "cullface": "east"},
				"west": {"uv": [11, 6, 5, 7], "texture": "#0", "cullface": "east"}
			}
		},
		{
			"from": [16.01, -6, 13.99],
			"to": [16.01, -5, 14.99],
			"rotation": {"angle": 0, "axis": "y", "origin": [16.01, 0, -0.01]},
			"faces": {
				"east": {"uv": [1, 6, 2, 7], "texture": "#0", "cullface": "east"},
				"west": {"uv": [2, 6, 1, 7], "texture": "#0", "cullface": "east"}
			}
		},
		{
			"from": [16.01, -5, -0.01],
			"to": [16.01, 1, 14.99],
			"rotation": {"angle": 0, "axis": "y", "origin": [16.01, 0, -0.01]},
			"faces": {
				"east": {"uv": [1, 0, 16, 6], "texture": "#0", "cullface": "east"},
				"west": {"uv": [16, 0, 1, 6], "texture": "#0", "cullface": "east"}
			}
		},
		{
			"from": [-0.01, -6, 16.01],
			"to": [1.01, 1, 16.01],
			"rotation": {"angle": 0, "axis": "y", "origin": [16.01, 0, 16.01]},
			"faces": {
				"north": {"uv": [1, 0, 0, 7], "texture": "#0", "cullface": "south"},
				"south": {"uv": [0, 0, 1, 7], "texture": "#0", "cullface": "south"}
			}
		},
		{
			"from": [6.01, -7, 16.01],
			"to": [10.01, -6, 16.01],
			"rotation": {"angle": 0, "axis": "y", "origin": [16.01, 0, 16.01]},
			"faces": {
				"north": {"uv": [10, 7, 6, 8], "texture": "#0", "cullface": "south"},
				"south": {"uv": [6, 7, 10, 8], "texture": "#0", "cullface": "south"}
			}
		},
		{
			"from": [14.01, -6, 16.01],
			"to": [15.01, -5, 16.01],
			"rotation": {"angle": 0, "axis": "y", "origin": [16.01, 0, 16.01]},
			"faces": {
				"north": {"uv": [15, 6, 14, 7], "texture": "#0", "cullface": "south"},
				"south": {"uv": [14, 6, 15, 7], "texture": "#0", "cullface": "south"}
			}
		},
		{
			"from": [5.01, -6, 16.01],
			"to": [11.01, -5, 16.01],
			"rotation": {"angle": 0, "axis": "y", "origin": [16.01, 0, 16.01]},
			"faces": {
				"north": {"uv": [11, 6, 5, 7], "texture": "#0", "cullface": "south"},
				"south": {"uv": [5, 6, 11, 7], "texture": "#0", "cullface": "south"}
			}
		},
		{
			"from": [1.01, -6, 16.01],
			"to": [2.01, -5, 16.01],
			"rotation": {"angle": 0, "axis": "y", "origin": [16.01, 0, 16.01]},
			"faces": {
				"north": {"uv": [2, 6, 1, 7], "texture": "#0", "cullface": "south"},
				"south": {"uv": [1, 6, 2, 7], "texture": "#0", "cullface": "south"}
			}
		},
		{
			"from": [1.01, -5, 16.01],
			"to": [16.01, 1, 16.01],
			"rotation": {"angle": 0, "axis": "y", "origin": [16.01, 0, 16.01]},
			"faces": {
				"north": {"uv": [16, 0, 1, 6], "texture": "#0", "cullface": "south"},
				"south": {"uv": [1, 0, 16, 6], "texture": "#0", "cullface": "south"}
			}
		},
		{
			"from": [-0.01, -6, -0.01],
			"to": [-0.01, 1, 1.01],
			"rotation": {"angle": 0, "axis": "y", "origin": [-0.01, 0, 16.01]},
			"faces": {
				"east": {"uv": [1, 0, 0, 7], "texture": "#0", "cullface": "west"},
				"west": {"uv": [0, 0, 1, 7], "texture": "#0", "cullface": "west"}
			}
		},
		{
			"from": [-0.01, -7, 6.01],
			"to": [-0.01, -6, 10.01],
			"rotation": {"angle": 0, "axis": "y", "origin": [-0.01, 0, 16.01]},
			"faces": {
				"east": {"uv": [10, 7, 6, 8], "texture": "#0", "cullface": "west"},
				"west": {"uv": [6, 7, 10, 8], "texture": "#0", "cullface": "west"}
			}
		},
		{
			"from": [-0.01, -6, 14.01],
			"to": [-0.01, -5, 15.01],
			"rotation": {"angle": 0, "axis": "y", "origin": [-0.01, 0, 16.01]},
			"faces": {
				"east": {"uv": [15, 6, 14, 7], "texture": "#0", "cullface": "west"},
				"west": {"uv": [14, 6, 15, 7], "texture": "#0", "cullface": "west"}
			}
		},
		{
			"from": [-0.01, -6, 5.01],
			"to": [-0.01, -5, 11.01],
			"rotation": {"angle": 0, "axis": "y", "origin": [-0.01, 0, 16.01]},
			"faces": {
				"east": {"uv": [11, 6, 5, 7], "texture": "#0", "cullface": "west"},
				"west": {"uv": [5, 6, 11, 7], "texture": "#0", "cullface": "west"}
			}
		},
		{
			"from": [-0.01, -6, 1.01],
			"to": [-0.01, -5, 2.01],
			"rotation": {"angle": 0, "axis": "y", "origin": [-0.01, 0, 16.01]},
			"faces": {
				"east": {"uv": [2, 6, 1, 7], "texture": "#0", "cullface": "west"},
				"west": {"uv": [1, 6, 2, 7], "texture": "#0", "cullface": "west"}
			}
		},
		{
			"from": [-0.01, -5, 1.01],
			"to": [-0.01, 1, 16.01],
			"rotation": {"angle": 0, "axis": "y", "origin": [-0.01, 0, 16.01]},
			"faces": {
				"east": {"uv": [16, 0, 1, 6], "texture": "#0", "cullface": "west"},
				"west": {"uv": [1, 0, 16, 6], "texture": "#0", "cullface": "west"}
			}
		}
	],
	"display": {
		"thirdperson_righthand": {
			"rotation": [75, 45, 0],
			"translation": [0, 2.5, 2],
			"scale": [0.375, 0.375, 0.375]
		},
		"thirdperson_lefthand": {
			"rotation": [75, 45, 0],
			"translation": [0, 2.5, 0],
			"scale": [0.375, 0.375, 0.375]
		},
		"firstperson_righthand": {
			"rotation": [0, 45, 0],
			"translation": [0, 4.2, 0],
			"scale": [0.4, 0.4, 0.4]
		},
		"firstperson_lefthand": {
			"rotation": [0, -135, 0],
			"translation": [0, 4.2, 0],
			"scale": [0.4, 0.4, 0.4]
		},
		"ground": {
			"translation": [0, 3, 0],
			"scale": [0.25, 0.25, 0.25]
		},
		"gui": {
			"rotation": [30, -135, 0],
			"translation": [0, 6.25, 0],
			"scale": [0.625, 0.625, 0.625]
		},
		"head": {
			"translation": [0, 13.55, 0],
			"scale": [0.9, 0.9, 0.9]
		},
		"fixed": {
			"scale": [0.5, 0.5, 0.5]
		},
		"on_shelf": {
			"translation": [0, 8, 0]
		}
	},
	"groups": [
		{
			"name": "north",
			"origin": [0, 0, 0],
			"color": 0,
			"children": [0, 1, 2, 3, 4, 5]
		},
		{
			"name": "east",
			"origin": [0, 0, 0],
			"color": 0,
			"children": [6, 7, 8, 9, 10, 11]
		},
		{
			"name": "south",
			"origin": [0, 0, 0],
			"color": 0,
			"children": [12, 13, 14, 15, 16, 17]
		},
		{
			"name": "west",
			"origin": [0, 0, 0],
			"color": 0,
			"children": [18, 19, 20, 21, 22, 23]
		}
	]
}