{
	"format_version": "1.21.6",
	"credit": "Green Guy",
	"textures": {
		"0": "block/snow/snow_overlay_2",
		"1": "block/snow/snow_block_2",
		"2": "block/snow/snow_underside_2",
		"particle": "block/snow/snow_overlay_2"
	},
	"elements": [
		{
			"from": [-0.01, -6, 0],
			"to": [-0.01, -5, 2],
			"rotation": {"angle": 0, "axis": "y", "origin": [-0.01, 0, 0]},
			"faces": {
				"east": {"uv": [2, 6, 0, 7], "texture": "#0"},
				"west": {"uv": [0, 6, 2, 7], "texture": "#0"}
			}
		},
		{
			"from": [-0.01, -7, 6],
			"to": [-0.01, -6, 10],
			"rotation": {"angle": 0, "axis": "y", "origin": [-0.01, 0, 0]},
			"faces": {
				"east": {"uv": [10, 7, 6, 8], "texture": "#0"},
				"west": {"uv": [6, 7, 10, 8], "texture": "#0"}
			}
		},
		{
			"from": [-0.01, -6, 5],
			"to": [-0.01, -5, 11],
			"rotation": {"angle": 0, "axis": "y", "origin": [-0.01, 0, 0]},
			"faces": {
				"east": {"uv": [11, 6, 5, 7], "texture": "#0"},
				"west": {"uv": [5, 6, 11, 7], "texture": "#0"}
			}
		},
		{
			"from": [-0.01, -6, 14],
			"to": [-0.01, -5, 15],
			"rotation": {"angle": 0, "axis": "y", "origin": [-0.01, 0, 0]},
			"faces": {
				"east": {"uv": [15, 6, 14, 7], "texture": "#0"},
				"west": {"uv": [14, 6, 15, 7], "texture": "#0"}
			}
		},
		{
			"from": [-0.01, -5, 0],
			"to": [-0.01, 1, 15],
			"rotation": {"angle": 0, "axis": "y", "origin": [-0.01, 0, 0]},
			"faces": {
				"east": {"uv": [15, 0, 0, 6], "texture": "#0"},
				"west": {"uv": [0, 0, 15, 6], "texture": "#0"}
			}
		},
		{
			"from": [-0.01, -5, 15],
			"to": [-0.01, 1, 16.01],
			"rotation": {"angle": 0, "axis": "y", "origin": [-0.01, 0, 0]},
			"faces": {
				"east": {"uv": [16, 0, 15, 6], "texture": "#0"},
				"west": {"uv": [15, 0, 16, 6], "texture": "#0"}
			}
		},
		{
			"from": [0, -6, 16.01],
			"to": [2, -5, 16.01],
			"rotation": {"angle": 0, "axis": "y", "origin": [0, 0, 16.01]},
			"faces": {
				"north": {"uv": [2, 6, 0, 7], "texture": "#0"},
				"south": {"uv": [0, 6, 2, 7], "texture": "#0"}
			}
		},
		{
			"from": [6, -7, 16.01],
			"to": [10, -6, 16.01],
			"rotation": {"angle": 0, "axis": "y", "origin": [0, 0, 16.01]},
			"faces": {
				"north": {"uv": [10, 7, 6, 8], "texture": "#0"},
				"south": {"uv": [6, 7, 10, 8], "texture": "#0"}
			}
		},
		{
			"from": [5, -6, 16.01],
			"to": [11, -5, 16.01],
			"rotation": {"angle": 0, "axis": "y", "origin": [0, 0, 16.01]},
			"faces": {
				"north": {"uv": [11, 6, 5, 7], "texture": "#0"},
				"south": {"uv": [5, 6, 11, 7], "texture": "#0"}
			}
		},
		{
			"from": [14, -6, 16.01],
			"to": [15, -5, 16.01],
			"rotation": {"angle": 0, "axis": "y", "origin": [0, 0, 16.01]},
			"faces": {
				"north": {"uv": [15, 6, 14, 7], "texture": "#0"},
				"south": {"uv": [14, 6, 15, 7], "texture": "#0"}
			}
		},
		{
			"from": [0, -5, 16.01],
			"to": [15, 1, 16.01],
			"rotation": {"angle": 0, "axis": "y", "origin": [0, 0, 16.01]},
			"faces": {
				"north": {"uv": [15, 0, 0, 6], "texture": "#0"},
				"south": {"uv": [0, 0, 15, 6], "texture": "#0"}
			}
		},
		{
			"from": [15, -5, 16.01],
			"to": [16.01, 1, 16.01],
			"rotation": {"angle": 0, "axis": "y", "origin": [0, 0, 16.01]},
			"faces": {
				"north": {"uv": [16, 0, 15, 6], "texture": "#0"},
				"south": {"uv": [15, 0, 16, 6], "texture": "#0"}
			}
		},
		{
			"from": [16.01, -6, 14],
			"to": [16.01, -5, 16],
			"rotation": {"angle": 0, "axis": "y", "origin": [16.01, 0, 16]},
			"faces": {
				"east": {"uv": [0, 6, 2, 7], "texture": "#0"},
				"west": {"uv": [2, 6, 0, 7], "texture": "#0"}
			}
		},
		{
			"from": [16.01, -7, 6],
			"to": [16.01, -6, 10],
			"rotation": {"angle": 0, "axis": "y", "origin": [16.01, 0, 16]},
			"faces": {
				"east": {"uv": [6, 7, 10, 8], "texture": "#0"},
				"west": {"uv": [10, 7, 6, 8], "texture": "#0"}
			}
		},
		{
			"from": [16.01, -6, 5],
			"to": [16.01, -5, 11],
			"rotation": {"angle": 0, "axis": "y", "origin": [16.01, 0, 16]},
			"faces": {
				"east": {"uv": [5, 6, 11, 7], "texture": "#0"},
				"west": {"uv": [11, 6, 5, 7], "texture": "#0"}
			}
		},
		{
			"from": [16.01, -6, 1],
			"to": [16.01, -5, 2],
			"rotation": {"angle": 0, "axis": "y", "origin": [16.01, 0, 16]},
			"faces": {
				"east": {"uv": [14, 6, 15, 7], "texture": "#0"},
				"west": {"uv": [15, 6, 14, 7], "texture": "#0"}
			}
		},
		{
			"from": [16.01, -5, 1],
			"to": [16.01, 1, 16],
			"rotation": {"angle": 0, "axis": "y", "origin": [16.01, 0, 16]},
			"faces": {
				"east": {"uv": [0, 0, 15, 6], "texture": "#0"},
				"west": {"uv": [15, 0, 0, 6], "texture": "#0"}
			}
		},
		{
			"from": [16.01, -5, -0.01],
			"to": [16.01, 1, 1],
			"rotation": {"angle": 0, "axis": "y", "origin": [16.01, 0, 16]},
			"faces": {
				"east": {"uv": [15, 0, 16, 6], "texture": "#0"},
				"west": {"uv": [16, 0, 15, 6], "texture": "#0"}
			}
		},
		{
			"from": [14, -6, -0.01],
			"to": [16, -5, -0.01],
			"rotation": {"angle": 0, "axis": "y", "origin": [16, 0, -0.01]},
			"faces": {
				"north": {"uv": [0, 6, 2, 7], "texture": "#0", "cullface": "north"},
				"south": {"uv": [2, 6, 0, 7], "texture": "#0", "cullface": "north"}
			}
		},
		{
			"from": [6, -7, -0.01],
			"to": [10, -6, -0.01],
			"rotation": {"angle": 0, "axis": "y", "origin": [16, 0, -0.01]},
			"faces": {
				"north": {"uv": [6, 7, 10, 8], "texture": "#0", "cullface": "north"},
				"south": {"uv": [10, 7, 6, 8], "texture": "#0", "cullface": "north"}
			}
		},
		{
			"from": [5, -6, -0.01],
			"to": [11, -5, -0.01],
			"rotation": {"angle": 0, "axis": "y", "origin": [16, 0, -0.01]},
			"faces": {
				"north": {"uv": [5, 6, 11, 7], "texture": "#0", "cullface": "north"},
				"south": {"uv": [11, 6, 5, 7], "texture": "#0", "cullface": "north"}
			}
		},
		{
			"from": [1, -6, -0.01],
			"to": [2, -5, -0.01],
			"rotation": {"angle": 0, "axis": "y", "origin": [16, 0, -0.01]},
			"faces": {
				"north": {"uv": [14, 6, 15, 7], "texture": "#0", "cullface": "north"},
				"south": {"uv": [15, 6, 14, 7], "texture": "#0", "cullface": "north"}
			}
		},
		{
			"from": [1, -5, -0.01],
			"to": [16, 1, -0.01],
			"rotation": {"angle": 0, "axis": "y", "origin": [16, 0, -0.01]},
			"faces": {
				"north": {"uv": [0, 0, 15, 6], "texture": "#0", "cullface": "north"},
				"south": {"uv": [15, 0, 0, 6], "texture": "#0", "cullface": "north"}
			}
		},
		{
			"from": [-0.01, -5, -0.01],
			"to": [1, 1, -0.01],
			"rotation": {"angle": 0, "axis": "y", "origin": [16, 0, -0.01]},
			"faces": {
				"north": {"uv": [15, 0, 16, 6], "texture": "#0", "cullface": "north"},
				"south": {"uv": [16, 0, 15, 6], "texture": "#0", "cullface": "north"}
			}
		},
		{
			"from": [0, 0, 0],
			"to": [16, 12, 16],
			"faces": {
				"north": {"uv": [0, 4, 16, 16], "texture": "#1", "cullface": "north"},
				"east": {"uv": [0, 4, 16, 16], "texture": "#1", "cullface": "east"},
				"south": {"uv": [0, 4, 16, 16], "texture": "#1", "cullface": "south"},
				"west": {"uv": [0, 4, 16, 16], "texture": "#1", "cullface": "west"},
				"up": {"uv": [0, 0, 16, 16], "texture": "#1"},
				"down": {"uv": [0, 0, 16, 16], "texture": "#2", "cullface": "down"}
			}
		}
	],
	"groups": [
		{
			"name": "west",
			"origin": [8, 8, 8],
			"color": 0,
			"children": [0, 1, 2, 3, 4, 5]
		},
		{
			"name": "south",
			"origin": [8, 8, 8],
			"color": 0,
			"children": [6, 7, 8, 9, 10, 11]
		},
		{
			"name": "east",
			"origin": [8, 8, 8],
			"color": 0,
			"children": [12, 13, 14, 15, 16, 17]
		},
		{
			"name": "north",
			"origin": [8, 8, 8],
			"color": 0,
			"children": [18, 19, 20, 21, 22, 23]
		},
		24
	]
}