{
	"format_version": "1.21.6",
	"credit": "Green Guy",
	"textures": {
		"0": "block/snow/snow_overlay_4",
		"1": "block/snow/snow_block_4",
		"2": "block/snow/snow_underside_4",
		"particle": "block/snow/snow_block_4"
	},
	"elements": [
		{
			"from": [-0.01, -6, 15],
			"to": [-0.01, 1, 16.01],
			"rotation": {"angle": 0, "axis": "y", "origin": [-0.01, 1, 0]},
			"faces": {
				"east": {"uv": [16, 0, 15, 7], "texture": "#0", "cullface": "west"},
				"west": {"uv": [15, 0, 16, 7], "texture": "#0", "cullface": "west"}
			}
		},
		{
			"from": [-0.01, -6, 8],
			"to": [-0.01, 1, 15],
			"rotation": {"angle": 0, "axis": "y", "origin": [-0.01, 1, 0]},
			"faces": {
				"east": {"uv": [15, 0, 8, 7], "texture": "#0", "cullface": "west"},
				"west": {"uv": [8, 0, 15, 7], "texture": "#0", "cullface": "west"}
			}
		},
		{
			"from": [-0.01, -7, 10],
			"to": [-0.01, -6, 14],
			"rotation": {"angle": 0, "axis": "y", "origin": [-0.01, 1, 0]},
			"faces": {
				"east": {"uv": [14, 7, 10, 8], "texture": "#0", "cullface": "west"},
				"west": {"uv": [10, 7, 14, 8], "texture": "#0", "cullface": "west"}
			}
		},
		{
			"from": [-0.01, -5, 6],
			"to": [-0.01, 1, 8],
			"rotation": {"angle": 0, "axis": "y", "origin": [-0.01, 1, 0]},
			"faces": {
				"east": {"uv": [8, 0, 6, 6], "texture": "#0", "cullface": "west"},
				"west": {"uv": [6, 0, 8, 6], "texture": "#0", "cullface": "west"}
			}
		},
		{
			"from": [-0.01, -4, 5],
			"to": [-0.01, 1, 6],
			"rotation": {"angle": 0, "axis": "y", "origin": [-0.01, 1, 0]},
			"faces": {
				"east": {"uv": [6, 0, 5, 5], "texture": "#0", "cullface": "west"},
				"west": {"uv": [5, 0, 6, 5], "texture": "#0", "cullface": "west"}
			}
		},
		{
			"from": [-0.01, -5, 0],
			"to": [-0.01, 1, 5],
			"rotation": {"angle": 0, "axis": "y", "origin": [-0.01, 1, 0]},
			"faces": {
				"east": {"uv": [5, 0, 0, 6], "texture": "#0", "cullface": "west"},
				"west": {"uv": [0, 0, 5, 6], "texture": "#0", "cullface": "west"}
			}
		},
		{
			"from": [-0.01, -6, 4],
			"to": [-0.01, -5, 5],
			"rotation": {"angle": 0, "axis": "y", "origin": [-0.01, 1, 0]},
			"faces": {
				"east": {"uv": [5, 6, 4, 7], "texture": "#0", "cullface": "west"},
				"west": {"uv": [4, 6, 5, 7], "texture": "#0", "cullface": "west"}
			}
		},
		{
			"from": [-0.01, -6, 0],
			"to": [-0.01, -5, 3],
			"rotation": {"angle": 0, "axis": "y", "origin": [-0.01, 1, 0]},
			"faces": {
				"east": {"uv": [3, 6, 0, 7], "texture": "#0", "cullface": "west"},
				"west": {"uv": [0, 6, 3, 7], "texture": "#0", "cullface": "west"}
			}
		},
		{
			"from": [-0.01, -7, 0],
			"to": [-0.01, -6, 2],
			"rotation": {"angle": 0, "axis": "y", "origin": [-0.01, 1, 0]},
			"faces": {
				"east": {"uv": [2, 7, 0, 8], "texture": "#0", "cullface": "west"},
				"west": {"uv": [0, 7, 2, 8], "texture": "#0", "cullface": "west"}
			}
		},
		{
			"from": [15, -6, 16.01],
			"to": [16.01, 1, 16.01],
			"rotation": {"angle": 0, "axis": "y", "origin": [0, 1, 16.01]},
			"faces": {
				"north": {"uv": [16, 0, 15, 7], "texture": "#0", "cullface": "south"},
				"south": {"uv": [15, 0, 16, 7], "texture": "#0", "cullface": "south"}
			}
		},
		{
			"from": [8, -6, 16.01],
			"to": [15, 1, 16.01],
			"rotation": {"angle": 0, "axis": "y", "origin": [0, 1, 16.01]},
			"faces": {
				"north": {"uv": [15, 0, 8, 7], "texture": "#0", "cullface": "south"},
				"south": {"uv": [8, 0, 15, 7], "texture": "#0", "cullface": "south"}
			}
		},
		{
			"from": [10, -7, 16.01],
			"to": [14, -6, 16.01],
			"rotation": {"angle": 0, "axis": "y", "origin": [0, 1, 16.01]},
			"faces": {
				"north": {"uv": [14, 7, 10, 8], "texture": "#0", "cullface": "south"},
				"south": {"uv": [10, 7, 14, 8], "texture": "#0", "cullface": "south"}
			}
		},
		{
			"from": [6, -5, 16.01],
			"to": [8, 1, 16.01],
			"rotation": {"angle": 0, "axis": "y", "origin": [0, 1, 16.01]},
			"faces": {
				"north": {"uv": [8, 0, 6, 6], "texture": "#0", "cullface": "south"},
				"south": {"uv": [6, 0, 8, 6], "texture": "#0", "cullface": "south"}
			}
		},
		{
			"from": [5, -4, 16.01],
			"to": [6, 1, 16.01],
			"rotation": {"angle": 0, "axis": "y", "origin": [0, 1, 16.01]},
			"faces": {
				"north": {"uv": [6, 0, 5, 5], "texture": "#0", "cullface": "south"},
				"south": {"uv": [5, 0, 6, 5], "texture": "#0", "cullface": "south"}
			}
		},
		{
			"from": [0, -5, 16.01],
			"to": [5, 1, 16.01],
			"rotation": {"angle": 0, "axis": "y", "origin": [0, 1, 16.01]},
			"faces": {
				"north": {"uv": [5, 0, 0, 6], "texture": "#0", "cullface": "south"},
				"south": {"uv": [0, 0, 5, 6], "texture": "#0", "cullface": "south"}
			}
		},
		{
			"from": [4, -6, 16.01],
			"to": [5, -5, 16.01],
			"rotation": {"angle": 0, "axis": "y", "origin": [0, 1, 16.01]},
			"faces": {
				"north": {"uv": [5, 6, 4, 7], "texture": "#0", "cullface": "south"},
				"south": {"uv": [4, 6, 5, 7], "texture": "#0", "cullface": "south"}
			}
		},
		{
			"from": [0, -6, 16.01],
			"to": [3, -5, 16.01],
			"rotation": {"angle": 0, "axis": "y", "origin": [0, 1, 16.01]},
			"faces": {
				"north": {"uv": [3, 6, 0, 7], "texture": "#0", "cullface": "south"},
				"south": {"uv": [0, 6, 3, 7], "texture": "#0", "cullface": "south"}
			}
		},
		{
			"from": [0, -7, 16.01],
			"to": [2, -6, 16.01],
			"rotation": {"angle": 0, "axis": "y", "origin": [0, 1, 16.01]},
			"faces": {
				"north": {"uv": [2, 7, 0, 8], "texture": "#0", "cullface": "south"},
				"south": {"uv": [0, 7, 2, 8], "texture": "#0", "cullface": "south"}
			}
		},
		{
			"from": [16.01, -6, -0.01],
			"to": [16.01, 1, 1],
			"rotation": {"angle": 0, "axis": "y", "origin": [16.01, 1, 16]},
			"faces": {
				"east": {"uv": [15, 0, 16, 7], "texture": "#0", "cullface": "east"},
				"west": {"uv": [16, 0, 15, 7], "texture": "#0", "cullface": "east"}
			}
		},
		{
			"from": [16.01, -6, 1],
			"to": [16.01, 1, 8],
			"rotation": {"angle": 0, "axis": "y", "origin": [16.01, 1, 16]},
			"faces": {
				"east": {"uv": [8, 0, 15, 7], "texture": "#0", "cullface": "east"},
				"west": {"uv": [15, 0, 8, 7], "texture": "#0", "cullface": "east"}
			}
		},
		{
			"from": [16.01, -7, 2],
			"to": [16.01, -6, 6],
			"rotation": {"angle": 0, "axis": "y", "origin": [16.01, 1, 16]},
			"faces": {
				"east": {"uv": [10, 7, 14, 8], "texture": "#0", "cullface": "east"},
				"west": {"uv": [14, 7, 10, 8], "texture": "#0", "cullface": "east"}
			}
		},
		{
			"from": [16.01, -5, 8],
			"to": [16.01, 1, 10],
			"rotation": {"angle": 0, "axis": "y", "origin": [16.01, 1, 16]},
			"faces": {
				"east": {"uv": [6, 0, 8, 6], "texture": "#0", "cullface": "east"},
				"west": {"uv": [8, 0, 6, 6], "texture": "#0", "cullface": "east"}
			}
		},
		{
			"from": [16.01, -4, 10],
			"to": [16.01, 1, 11],
			"rotation": {"angle": 0, "axis": "y", "origin": [16.01, 1, 16]},
			"faces": {
				"east": {"uv": [5, 0, 6, 5], "texture": "#0", "cullface": "east"},
				"west": {"uv": [6, 0, 5, 5], "texture": "#0", "cullface": "east"}
			}
		},
		{
			"from": [16.01, -5, 11],
			"to": [16.01, 1, 16],
			"rotation": {"angle": 0, "axis": "y", "origin": [16.01, 1, 16]},
			"faces": {
				"east": {"uv": [0, 0, 5, 6], "texture": "#0", "cullface": "east"},
				"west": {"uv": [5, 0, 0, 6], "texture": "#0", "cullface": "east"}
			}
		},
		{
			"from": [16.01, -6, 11],
			"to": [16.01, -5, 12],
			"rotation": {"angle": 0, "axis": "y", "origin": [16.01, 1, 16]},
			"faces": {
				"east": {"uv": [4, 6, 5, 7], "texture": "#0", "cullface": "east"},
				"west": {"uv": [5, 6, 4, 7], "texture": "#0", "cullface": "east"}
			}
		},
		{
			"from": [16.01, -6, 13],
			"to": [16.01, -5, 16],
			"rotation": {"angle": 0, "axis": "y", "origin": [16.01, 1, 16]},
			"faces": {
				"east": {"uv": [0, 6, 3, 7], "texture": "#0", "cullface": "east"},
				"west": {"uv": [3, 6, 0, 7], "texture": "#0", "cullface": "east"}
			}
		},
		{
			"from": [16.01, -7, 14],
			"to": [16.01, -6, 16],
			"rotation": {"angle": 0, "axis": "y", "origin": [16.01, 1, 16]},
			"faces": {
				"east": {"uv": [0, 7, 2, 8], "texture": "#0", "cullface": "east"},
				"west": {"uv": [2, 7, 0, 8], "texture": "#0", "cullface": "east"}
			}
		},
		{
			"from": [-0.01, -6, -0.01],
			"to": [1, 1, -0.01],
			"rotation": {"angle": 0, "axis": "y", "origin": [16, 1, -0.01]},
			"faces": {
				"north": {"uv": [15, 0, 16, 7], "texture": "#0", "cullface": "north"},
				"south": {"uv": [16, 0, 15, 7], "texture": "#0", "cullface": "north"}
			}
		},
		{
			"from": [1, -6, -0.01],
			"to": [8, 1, -0.01],
			"rotation": {"angle": 0, "axis": "y", "origin": [16, 1, -0.01]},
			"faces": {
				"north": {"uv": [8, 0, 15, 7], "texture": "#0", "cullface": "north"},
				"south": {"uv": [15, 0, 8, 7], "texture": "#0", "cullface": "north"}
			}
		},
		{
			"from": [2, -7, -0.01],
			"to": [6, -6, -0.01],
			"rotation": {"angle": 0, "axis": "y", "origin": [16, 1, -0.01]},
			"faces": {
				"north": {"uv": [10, 7, 14, 8], "texture": "#0", "cullface": "north"},
				"south": {"uv": [14, 7, 10, 8], "texture": "#0", "cullface": "north"}
			}
		},
		{
			"from": [8, -5, -0.01],
			"to": [10, 1, -0.01],
			"rotation": {"angle": 0, "axis": "y", "origin": [16, 1, -0.01]},
			"faces": {
				"north": {"uv": [6, 0, 8, 6], "texture": "#0", "cullface": "north"},
				"south": {"uv": [8, 0, 6, 6], "texture": "#0", "cullface": "north"}
			}
		},
		{
			"from": [10, -4, -0.01],
			"to": [11, 1, -0.01],
			"rotation": {"angle": 0, "axis": "y", "origin": [16, 1, -0.01]},
			"faces": {
				"north": {"uv": [5, 0, 6, 5], "texture": "#0", "cullface": "north"},
				"south": {"uv": [6, 0, 5, 5], "texture": "#0", "cullface": "north"}
			}
		},
		{
			"from": [11, -5, -0.01],
			"to": [16, 1, -0.01],
			"rotation": {"angle": 0, "axis": "y", "origin": [16, 1, -0.01]},
			"faces": {
				"north": {"uv": [0, 0, 5, 6], "texture": "#0", "cullface": "north"},
				"south": {"uv": [5, 0, 0, 6], "texture": "#0", "cullface": "north"}
			}
		},
		{
			"from": [11, -6, -0.01],
			"to": [12, -5, -0.01],
			"rotation": {"angle": 0, "axis": "y", "origin": [16, 1, -0.01]},
			"faces": {
				"north": {"uv": [4, 6, 5, 7], "texture": "#0", "cullface": "north"},
				"south": {"uv": [5, 6, 4, 7], "texture": "#0", "cullface": "north"}
			}
		},
		{
			"from": [13, -6, -0.01],
			"to": [16, -5, -0.01],
			"rotation": {"angle": 0, "axis": "y", "origin": [16, 1, -0.01]},
			"faces": {
				"north": {"uv": [0, 6, 3, 7], "texture": "#0", "cullface": "north"},
				"south": {"uv": [3, 6, 0, 7], "texture": "#0", "cullface": "north"}
			}
		},
		{
			"from": [14, -7, -0.01],
			"to": [16, -6, -0.01],
			"rotation": {"angle": 0, "axis": "y", "origin": [16, 1, -0.01]},
			"faces": {
				"north": {"uv": [0, 7, 2, 8], "texture": "#0", "cullface": "north"},
				"south": {"uv": [2, 7, 0, 8], "texture": "#0", "cullface": "north"}
			}
		},
		{
			"from": [0, 0, 0],
			"to": [16, 16, 16],
			"faces": {
				"north": {"uv": [0, 0, 16, 16], "texture": "#1", "cullface": "north"},
				"east": {"uv": [0, 0, 16, 16], "texture": "#1", "cullface": "east"},
				"south": {"uv": [0, 0, 16, 16], "texture": "#1", "cullface": "south"},
				"west": {"uv": [0, 0, 16, 16], "texture": "#1", "cullface": "west"},
				"up": {"uv": [0, 0, 16, 16], "texture": "#1", "cullface": "up"},
				"down": {"uv": [0, 0, 16, 16], "texture": "#2", "cullface": "down"}
			}
		}
	],
	"groups": [
		{
			"name": "west",
			"origin": [0, 0, 0],
			"color": 0,
			"children": [0, 1, 2, 3, 4, 5, 6, 7, 8]
		},
		{
			"name": "south",
			"origin": [0, 0, 0],
			"color": 0,
			"children": [9, 10, 11, 12, 13, 14, 15, 16, 17]
		},
		{
			"name": "east",
			"origin": [0, 0, 0],
			"color": 0,
			"children": [18, 19, 20, 21, 22, 23, 24, 25, 26]
		},
		{
			"name": "north",
			"origin": [0, 0, 0],
			"color": 0,
			"children": [27, 28, 29, 30, 31, 32, 33, 34, 35]
		},
		36
	]
}