{
	"format_version": "1.21.6",
	"credit": "Green Guy",
	"textures": {
		"side": "block/moss/moss_carpet_overlay_4"
	},
	"elements": [
		{
			"from": [-0.01, -5, -0.01],
			"to": [0.99, -4, -0.01],
			"faces": {
				"north": {"uv": [15.00125, 5, 16, 6], "texture": "#side", "cullface": "north"},
				"south": {"uv": [16, 5, 15.00125, 6], "texture": "#side", "cullface": "north"}
			}
		},
		{
			"from": [1.99, -5, -0.01],
			"to": [2.99, -4, -0.01],
			"faces": {
				"north": {"uv": [13.00375, 5, 14.0025, 6], "texture": "#side", "cullface": "north"},
				"south": {"uv": [14.0025, 5, 13.00375, 6], "texture": "#side", "cullface": "north"}
			}
		},
		{
			"from": [2.99, -7, -0.01],
			"to": [3.99, -6, -0.01],
			"faces": {
				"north": {"uv": [12.00499, 7, 13.00375, 8], "texture": "#side", "cullface": "north"},
				"south": {"uv": [13.00375, 7, 12.00499, 8], "texture": "#side", "cullface": "north"}
			}
		},
		{
			"from": [5.99, -8, -0.01],
			"to": [6.99, -7, -0.01],
			"faces": {
				"north": {"uv": [9.00874, 8, 10.00749, 9], "texture": "#side", "cullface": "north"},
				"south": {"uv": [10.00749, 8, 9.00874, 9], "texture": "#side", "cullface": "north"}
			}
		},
		{
			"from": [4.99, -7, -0.01],
			"to": [7.99, -6, -0.01],
			"faces": {
				"north": {"uv": [8.00999, 7, 11.00624, 8], "texture": "#side", "cullface": "north"},
				"south": {"uv": [11.00624, 7, 8.00999, 8], "texture": "#side", "cullface": "north"}
			}
		},
		{
			"from": [2.99, -6, -0.01],
			"to": [7.99, -4, -0.01],
			"faces": {
				"north": {"uv": [8.00999, 5, 13.00375, 7], "texture": "#side", "cullface": "north"},
				"south": {"uv": [13.00375, 5, 8.00999, 7], "texture": "#side", "cullface": "north"}
			}
		},
		{
			"from": [7.99, -5, -0.01],
			"to": [8.99, -4, -0.01],
			"faces": {
				"north": {"uv": [7.01124, 5, 8.00999, 6], "texture": "#side", "cullface": "north"},
				"south": {"uv": [8.00999, 5, 7.01124, 6], "texture": "#side", "cullface": "north"}
			}
		},
		{
			"from": [10.99, -5, -0.01],
			"to": [11.99, -4, -0.01],
			"faces": {
				"north": {"uv": [4.01498, 5, 5.01373, 6], "texture": "#side", "cullface": "north"},
				"south": {"uv": [5.01373, 5, 4.01498, 6], "texture": "#side", "cullface": "north"}
			}
		},
		{
			"from": [12.99, -6, -0.01],
			"to": [13.99, -4, -0.01],
			"faces": {
				"north": {"uv": [2.01748, 5, 3.01623, 7], "texture": "#side", "cullface": "north"},
				"south": {"uv": [3.01623, 5, 2.01748, 7], "texture": "#side", "cullface": "north"}
			}
		},
		{
			"from": [13.99, -5, -0.01],
			"to": [14.99, -4, -0.01],
			"faces": {
				"north": {"uv": [1.01873, 5, 2.01748, 6], "texture": "#side", "cullface": "north"},
				"south": {"uv": [2.01748, 5, 1.01873, 6], "texture": "#side", "cullface": "north"}
			}
		},
		{
			"from": [14.99, -7, -0.01],
			"to": [16.01, -4, -0.01],
			"faces": {
				"north": {"uv": [0, 5, 1.01873, 8], "texture": "#side", "cullface": "north"},
				"south": {"uv": [1.01873, 5, 0, 8], "texture": "#side", "cullface": "north"}
			}
		},
		{
			"from": [-0.01, -4, -0.01],
			"to": [16.01, 1, -0.01],
			"faces": {
				"north": {"uv": [0, 0, 16, 5], "texture": "#side", "cullface": "north"},
				"south": {"uv": [16, 0, 0, 5], "texture": "#side", "cullface": "north"}
			}
		}
	]
}