{
	"format_version": "1.21.6",
	"credit": "Green Guy",
	"ambientocclusion": false,
	"textures": {
		"front": "block/sunflower/sunflower_front_3",
		"back": "block/sunflower/sunflower_back_3",
		"particle": "block/sunflower/sunflower_top_3",
		"t1": "block/sunflower/sunflower_top_3",
		"t2": "block/sunflower/sunflower_top_alt_3",
		"lf": "block/sunflower/little_suflower_front",
		"lb": "block/sunflower/little_sunflower_back"
	},
	"elements": [
		{
			"from": [8.6, -6, 0],
			"to": [8.6, 10, 14],
			"shade": false,
			"rotation": {"angle": 12.5, "axis": "z", "origin": [7, 3, 7]},
			"faces": {
				"east": {"uv": [0, 0, 16, 16], "texture": "#lf"},
				"west": {"uv": [0, 0, 16, 16], "texture": "#lb"}
			}
		},
		{
			"from": [8.6, 4, 1],
			"to": [8.6, 20, 15],
			"shade": false,
			"rotation": {"angle": 22.5, "axis": "z", "origin": [7, 13, 8]},
			"faces": {
				"east": {"uv": [0, 0, 16, 16], "texture": "#front"},
				"west": {"uv": [0, 0, 16, 16], "texture": "#back"}
			}
		},
		{
			"from": [0.8, 0, 8],
			"to": [15.2, 16, 8],
			"shade": false,
			"rotation": {"angle": 0, "axis": "y", "origin": [8, 8, 8]},
			"faces": {
				"north": {"uv": [0, 0, 16, 16], "texture": "#t1"},
				"south": {"uv": [16, 0, 0, 16], "texture": "#t1"}
			}
		},
		{
			"from": [8, 0, 0.8],
			"to": [8, 16, 15.2],
			"shade": false,
			"rotation": {"angle": 0, "axis": "y", "origin": [8, 8, 8]},
			"faces": {
				"east": {"uv": [16, 0, 0, 16], "texture": "#t2"},
				"west": {"uv": [0, 0, 16, 16], "texture": "#t2"}
			}
		}
	]
}