{
	"format_version": "1.21.6",
	"credit": "Green Guy",
	"textures": {
		"side": "block/moss/moss_carpet_overlay"
	},
	"elements": [
		{
			"from": [-0.01, -4, 0],
			"to": [1, 0, 0],
			"rotation": {"angle": 0.01, "axis": "x", "origin": [0, 0, 0]},
			"faces": {
				"north": {"uv": [15, 3, 16, 7], "texture": "#side", "cullface": "north"},
				"south": {"uv": [16, 3, 15, 7], "texture": "#side", "cullface": "north"}
			}
		},
		{
			"from": [1, -3, 0],
			"to": [2, -2, 0],
			"rotation": {"angle": 0.01, "axis": "x", "origin": [0, 0, 0]},
			"faces": {
				"north": {"uv": [14, 5, 15, 6], "texture": "#side", "cullface": "north"},
				"south": {"uv": [15, 5, 14, 6], "texture": "#side", "cullface": "north"}
			}
		},
		{
			"from": [4, -6, 0],
			"to": [5, -4, 0],
			"rotation": {"angle": 0.01, "axis": "x", "origin": [0, 0, 0]},
			"faces": {
				"north": {"uv": [11, 7, 12, 9], "texture": "#side", "cullface": "north"},
				"south": {"uv": [12, 7, 11, 9], "texture": "#side", "cullface": "north"}
			}
		},
		{
			"from": [5, -5, 0],
			"to": [6, -4, 0],
			"rotation": {"angle": 0.01, "axis": "x", "origin": [0, 0, 0]},
			"faces": {
				"north": {"uv": [10, 7, 11, 8], "texture": "#side", "cullface": "north"},
				"south": {"uv": [11, 7, 10, 8], "texture": "#side", "cullface": "north"}
			}
		},
		{
			"from": [6, -6, 0],
			"to": [7, -4, 0],
			"rotation": {"angle": 0.01, "axis": "x", "origin": [0, 0, 0]},
			"faces": {
				"north": {"uv": [9, 7, 10, 9], "texture": "#side", "cullface": "north"},
				"south": {"uv": [10, 7, 9, 9], "texture": "#side", "cullface": "north"}
			}
		},
		{
			"from": [8, -5, 0],
			"to": [9, -4, 0],
			"rotation": {"angle": 0.01, "axis": "x", "origin": [0, 0, 0]},
			"faces": {
				"north": {"uv": [7, 7, 8, 8], "texture": "#side", "cullface": "north"},
				"south": {"uv": [8, 7, 7, 8], "texture": "#side", "cullface": "north"}
			}
		},
		{
			"from": [3, -4, 0],
			"to": [9, -2, 0],
			"rotation": {"angle": 0.01, "axis": "x", "origin": [0, 0, 0]},
			"faces": {
				"north": {"uv": [7, 5, 13, 7], "texture": "#side", "cullface": "north"},
				"south": {"uv": [13, 5, 7, 7], "texture": "#side", "cullface": "north"}
			}
		},
		{
			"from": [11, -5, 0],
			"to": [12, -3, 0],
			"rotation": {"angle": 0.01, "axis": "x", "origin": [0, 0, 0]},
			"faces": {
				"north": {"uv": [4, 6, 5, 8], "texture": "#side", "cullface": "north"},
				"south": {"uv": [5, 6, 4, 8], "texture": "#side", "cullface": "north"}
			}
		},
		{
			"from": [10, -3, 0],
			"to": [13, -2, 0],
			"rotation": {"angle": 0.01, "axis": "x", "origin": [0, 0, 0]},
			"faces": {
				"north": {"uv": [3, 5, 6, 6], "texture": "#side", "cullface": "north"},
				"south": {"uv": [6, 5, 3, 6], "texture": "#side", "cullface": "north"}
			}
		},
		{
			"from": [15, -3, 0],
			"to": [16, -2, 0],
			"rotation": {"angle": 0.01, "axis": "x", "origin": [0, 0, 0]},
			"faces": {
				"north": {"uv": [0, 5, 1, 6], "texture": "#side", "cullface": "north"},
				"south": {"uv": [1, 5, 0, 6], "texture": "#side", "cullface": "north"}
			}
		},
		{
			"from": [1, -2, 0],
			"to": [16, 0, 0],
			"rotation": {"angle": 0.01, "axis": "x", "origin": [0, 0, 0]},
			"faces": {
				"north": {"uv": [0, 3, 15, 5], "texture": "#side", "cullface": "north"},
				"south": {"uv": [15, 3, 0, 5], "texture": "#side", "cullface": "north"}
			}
		}
	],
	"display": {
		"thirdperson_righthand": {
			"rotation": [75, 45, 0],
			"translation": [0, 2.5, 2],
			"scale": [0.375, 0.375, 0.375]
		},
		"thirdperson_lefthand": {
			"rotation": [75, 45, 0],
			"translation": [0, 2.5, 2],
			"scale": [0.375, 0.375, 0.375]
		},
		"firstperson_righthand": {
			"rotation": [0, 45, 0],
			"translation": [0, 4.2, 0],
			"scale": [0.4, 0.4, 0.4]
		},
		"firstperson_lefthand": {
			"rotation": [0, -135, 0],
			"translation": [0, 4.2, 0],
			"scale": [0.4, 0.4, 0.4]
		},
		"ground": {
			"translation": [0, 3, 0],
			"scale": [0.25, 0.25, 0.25]
		},
		"gui": {
			"rotation": [30, -135, 0],
			"translation": [0, 2, 0],
			"scale": [0.625, 0.625, 0.625]
		},
		"head": {
			"translation": [0, 15, 0]
		},
		"fixed": {
			"scale": [0.5, 0.5, 0.5]
		},
		"on_shelf": {
			"translation": [0, 4, 0]
		}
	}
}