{
	"format_version": "1.21.6",
	"credit": "Green Guy",
	"textures": {
		"side": "block/moss/moss_carpet_overlay_4"
	},
	"elements": [
		{
			"from": [-0.01, -5, 0],
			"to": [1, 0, 0],
			"rotation": {"angle": 0.01, "axis": "x", "origin": [0, 0, 0]},
			"faces": {
				"north": {"uv": [15, 1, 16, 6], "texture": "#side", "cullface": "north"},
				"south": {"uv": [16, 1, 15, 6], "texture": "#side", "cullface": "north"}
			}
		},
		{
			"from": [2, -5, 0],
			"to": [3, -4, 0],
			"rotation": {"angle": 0.01, "axis": "x", "origin": [0, 0, 0]},
			"faces": {
				"north": {"uv": [13, 5, 14, 6], "texture": "#side", "cullface": "north"},
				"south": {"uv": [14, 5, 13, 6], "texture": "#side", "cullface": "north"}
			}
		},
		{
			"from": [3, -7, 0],
			"to": [4, -6, 0],
			"rotation": {"angle": 0.01, "axis": "x", "origin": [0, 0, 0]},
			"faces": {
				"north": {"uv": [12, 7, 13, 8], "texture": "#side", "cullface": "north"},
				"south": {"uv": [13, 7, 12, 8], "texture": "#side", "cullface": "north"}
			}
		},
		{
			"from": [6, -8, 0],
			"to": [7, -7, 0],
			"rotation": {"angle": 0.01, "axis": "x", "origin": [0, 0, 0]},
			"faces": {
				"north": {"uv": [9, 8, 10, 9], "texture": "#side", "cullface": "north"},
				"south": {"uv": [10, 8, 9, 9], "texture": "#side", "cullface": "north"}
			}
		},
		{
			"from": [5, -7, 0],
			"to": [8, -6, 0],
			"rotation": {"angle": 0.01, "axis": "x", "origin": [0, 0, 0]},
			"faces": {
				"north": {"uv": [8, 7, 11, 8], "texture": "#side", "cullface": "north"},
				"south": {"uv": [11, 7, 8, 8], "texture": "#side", "cullface": "north"}
			}
		},
		{
			"from": [3, -6, 0],
			"to": [8, -4, 0],
			"rotation": {"angle": 0.01, "axis": "x", "origin": [0, 0, 0]},
			"faces": {
				"north": {"uv": [8, 5, 13, 7], "texture": "#side", "cullface": "north"},
				"south": {"uv": [13, 5, 8, 7], "texture": "#side", "cullface": "north"}
			}
		},
		{
			"from": [13, -6, 0],
			"to": [14, -5, 0],
			"rotation": {"angle": 0.01, "axis": "x", "origin": [0, 0, 0]},
			"faces": {
				"north": {"uv": [2, 6, 3, 7], "texture": "#side", "cullface": "north"},
				"south": {"uv": [3, 6, 2, 7], "texture": "#side", "cullface": "north"}
			}
		},
		{
			"from": [8, -5, 0],
			"to": [9, -4, 0],
			"rotation": {"angle": 0.01, "axis": "x", "origin": [0, 0, 0]},
			"faces": {
				"north": {"uv": [7, 5, 8, 6], "texture": "#side", "cullface": "north"},
				"south": {"uv": [8, 5, 7, 6], "texture": "#side", "cullface": "north"}
			}
		},
		{
			"from": [11, -5, 0],
			"to": [12, -4, 0],
			"rotation": {"angle": 0.01, "axis": "x", "origin": [0, 0, 0]},
			"faces": {
				"north": {"uv": [4, 5, 5, 6], "texture": "#side", "cullface": "north"},
				"south": {"uv": [5, 5, 4, 6], "texture": "#side", "cullface": "north"}
			}
		},
		{
			"from": [13, -5, 0],
			"to": [15, -4, 0],
			"rotation": {"angle": 0.01, "axis": "x", "origin": [0, 0, 0]},
			"faces": {
				"north": {"uv": [1, 5, 3, 6], "texture": "#side", "cullface": "north"},
				"south": {"uv": [3, 5, 1, 6], "texture": "#side", "cullface": "north"}
			}
		},
		{
			"from": [15, -7, 0],
			"to": [16, -4, 0],
			"rotation": {"angle": 0.01, "axis": "x", "origin": [0, 0, 0]},
			"faces": {
				"north": {"uv": [0, 5, 1, 8], "texture": "#side", "cullface": "north"},
				"south": {"uv": [1, 5, 0, 8], "texture": "#side", "cullface": "north"}
			}
		},
		{
			"from": [1, -4, 0],
			"to": [16, 0, 0],
			"rotation": {"angle": 0.01, "axis": "x", "origin": [0, 0, 0]},
			"faces": {
				"north": {"uv": [0, 1, 15, 5], "texture": "#side", "cullface": "north"},
				"south": {"uv": [15, 1, 0, 5], "texture": "#side", "cullface": "north"}
			}
		}
	],
	"display": {
		"thirdperson_righthand": {
			"rotation": [75, 45, 0],
			"translation": [0, 2.5, 2],
			"scale": [0.375, 0.375, 0.375]
		},
		"thirdperson_lefthand": {
			"rotation": [75, 45, 0],
			"translation": [0, 2.5, 2],
			"scale": [0.375, 0.375, 0.375]
		},
		"firstperson_righthand": {
			"rotation": [0, 45, 0],
			"translation": [0, 4.2, 0],
			"scale": [0.4, 0.4, 0.4]
		},
		"firstperson_lefthand": {
			"rotation": [0, -135, 0],
			"translation": [0, 4.2, 0],
			"scale": [0.4, 0.4, 0.4]
		},
		"ground": {
			"translation": [0, 3, 0],
			"scale": [0.25, 0.25, 0.25]
		},
		"gui": {
			"rotation": [30, -135, 0],
			"translation": [0, 2, 0],
			"scale": [0.625, 0.625, 0.625]
		},
		"head": {
			"translation": [0, 15, 0]
		},
		"fixed": {
			"scale": [0.5, 0.5, 0.5]
		},
		"on_shelf": {
			"translation": [0, 4, 0]
		}
	}
}