{
	"format_version": "1.21.6",
	"credit": "Green Guy",
	"textures": {
		"side": "block/moss/moss_carpet_overlay_2"
	},
	"elements": [
		{
			"from": [-0.01, -6, 0],
			"to": [1, 0, 0],
			"rotation": {"angle": 0.01, "axis": "x", "origin": [0, 0, 0]},
			"faces": {
				"north": {"uv": [15, 1, 16, 7], "texture": "#side", "cullface": "north"},
				"south": {"uv": [16, 1, 15, 7], "texture": "#side", "cullface": "north"}
			}
		},
		{
			"from": [1, -4, 0],
			"to": [2, -3, 0],
			"rotation": {"angle": 0.01, "axis": "x", "origin": [0, 0, 0]},
			"faces": {
				"north": {"uv": [14, 4, 15, 5], "texture": "#side", "cullface": "north"},
				"south": {"uv": [15, 4, 14, 5], "texture": "#side", "cullface": "north"}
			}
		},
		{
			"from": [3, -4, 0],
			"to": [4, -3, 0],
			"rotation": {"angle": 0.01, "axis": "x", "origin": [0, 0, 0]},
			"faces": {
				"north": {"uv": [12, 4, 13, 5], "texture": "#side", "cullface": "north"},
				"south": {"uv": [13, 4, 12, 5], "texture": "#side", "cullface": "north"}
			}
		},
		{
			"from": [4, -7, 0],
			"to": [5, -6, 0],
			"rotation": {"angle": 0.01, "axis": "x", "origin": [0, 0, 0]},
			"faces": {
				"north": {"uv": [11, 7, 12, 8], "texture": "#side", "cullface": "north"},
				"south": {"uv": [12, 7, 11, 8], "texture": "#side", "cullface": "north"}
			}
		},
		{
			"from": [4, -6, 0],
			"to": [6, -3, 0],
			"rotation": {"angle": 0.01, "axis": "x", "origin": [0, 0, 0]},
			"faces": {
				"north": {"uv": [10, 4, 12, 7], "texture": "#side", "cullface": "north"},
				"south": {"uv": [12, 4, 10, 7], "texture": "#side", "cullface": "north"}
			}
		},
		{
			"from": [6, -4, 0],
			"to": [7, -3, 0],
			"rotation": {"angle": 0.01, "axis": "x", "origin": [0, 0, 0]},
			"faces": {
				"north": {"uv": [9, 4, 10, 5], "texture": "#side", "cullface": "north"},
				"south": {"uv": [10, 4, 9, 5], "texture": "#side", "cullface": "north"}
			}
		},
		{
			"from": [7, -5, 0],
			"to": [8, -3, 0],
			"rotation": {"angle": 0.01, "axis": "x", "origin": [0, 0, 0]},
			"faces": {
				"north": {"uv": [8, 4, 9, 6], "texture": "#side", "cullface": "north"},
				"south": {"uv": [9, 4, 8, 6], "texture": "#side", "cullface": "north"}
			}
		},
		{
			"from": [11, -5, 0],
			"to": [12, -4, 0],
			"rotation": {"angle": 0.01, "axis": "x", "origin": [0, 0, 0]},
			"faces": {
				"north": {"uv": [4, 5, 5, 6], "texture": "#side", "cullface": "north"},
				"south": {"uv": [5, 5, 4, 6], "texture": "#side", "cullface": "north"}
			}
		},
		{
			"from": [10, -4, 0],
			"to": [13, -3, 0],
			"rotation": {"angle": 0.01, "axis": "x", "origin": [0, 0, 0]},
			"faces": {
				"north": {"uv": [3, 4, 6, 5], "texture": "#side", "cullface": "north"},
				"south": {"uv": [6, 4, 3, 5], "texture": "#side", "cullface": "north"}
			}
		},
		{
			"from": [15, -4, 0],
			"to": [16, 0, 0],
			"rotation": {"angle": 0.01, "axis": "x", "origin": [0, 0, 0]},
			"faces": {
				"north": {"uv": [0, 1, 1, 5], "texture": "#side", "cullface": "north"},
				"south": {"uv": [0, 1, 1, 5], "texture": "#side", "cullface": "north"}
			}
		},
		{
			"from": [1, -3, 0],
			"to": [15, 0, 0],
			"rotation": {"angle": 0.01, "axis": "x", "origin": [0, 0, 0]},
			"faces": {
				"north": {"uv": [1, 1, 15, 4], "texture": "#side", "cullface": "north"},
				"south": {"uv": [1, 1, 15, 4], "texture": "#side", "cullface": "north"}
			}
		}
	],
	"display": {
		"thirdperson_righthand": {
			"rotation": [75, 45, 0],
			"translation": [0, 2.5, 2],
			"scale": [0.375, 0.375, 0.375]
		},
		"thirdperson_lefthand": {
			"rotation": [75, 45, 0],
			"translation": [0, 2.5, 2],
			"scale": [0.375, 0.375, 0.375]
		},
		"firstperson_righthand": {
			"rotation": [0, 45, 0],
			"translation": [0, 4.2, 0],
			"scale": [0.4, 0.4, 0.4]
		},
		"firstperson_lefthand": {
			"rotation": [0, -135, 0],
			"translation": [0, 4.2, 0],
			"scale": [0.4, 0.4, 0.4]
		},
		"ground": {
			"translation": [0, 3, 0],
			"scale": [0.25, 0.25, 0.25]
		},
		"gui": {
			"rotation": [30, -135, 0],
			"translation": [0, 2, 0],
			"scale": [0.625, 0.625, 0.625]
		},
		"head": {
			"translation": [0, 15, 0]
		},
		"fixed": {
			"scale": [0.5, 0.5, 0.5]
		},
		"on_shelf": {
			"translation": [0, 4, 0]
		}
	}
}