{
	"format_version": "1.21.6",
	"credit": "Green Guy",
	"parent": "block/thin_block",
	"textures": {
		"particle": "block/moss/moss_block",
		"top": "block/moss/moss_block",
		"bottom": "block/moss/moss_carpet_underside",
		"side": "block/moss/moss_carpet_overlay"
	},
	"elements": [
		{
			"from": [0, 0, 0],
			"to": [16, 1, 16],
			"faces": {
				"north": {"uv": [0, 0, 16, 1], "texture": "#side", "cullface": "north"},
				"east": {"uv": [0, 0, 16, 1], "texture": "#side", "cullface": "east"},
				"south": {"uv": [0, 0, 16, 1], "texture": "#side", "cullface": "south"},
				"west": {"uv": [0, 1, 16, 0], "texture": "#side", "cullface": "west"},
				"up": {"uv": [0, 0, 16, 16], "texture": "#top"},
				"down": {"uv": [0, 0, 16, 16], "texture": "#bottom", "cullface": "down"}
			}
		},
		{
			"from": [-0.01, -6, -0.01],
			"to": [1, -4, -0.01],
			"rotation": {"angle": 0, "axis": "x", "origin": [8, 0, -0.01]},
			"faces": {
				"north": {"uv": [15, 5, 16, 7], "texture": "#side", "cullface": "north"},
				"south": {"uv": [15, 5, 16, 7], "texture": "#side", "cullface": "north"}
			}
		},
		{
			"from": [1, -5, -0.01],
			"to": [2, -4, -0.01],
			"rotation": {"angle": 0, "axis": "x", "origin": [8, 0, -0.01]},
			"faces": {
				"north": {"uv": [14, 5, 15, 6], "texture": "#side", "cullface": "north"},
				"south": {"uv": [15, 5, 14, 6], "texture": "#side", "cullface": "north"}
			}
		},
		{
			"from": [4, -8, -0.01],
			"to": [5, -6, -0.01],
			"rotation": {"angle": 0, "axis": "x", "origin": [8, 0, -0.01]},
			"faces": {
				"north": {"uv": [11, 7, 12, 9], "texture": "#side", "cullface": "north"},
				"south": {"uv": [12, 7, 11, 9], "texture": "#side", "cullface": "north"}
			}
		},
		{
			"from": [5, -7, -0.01],
			"to": [6, -6, -0.01],
			"rotation": {"angle": 0, "axis": "x", "origin": [8, 0, -0.01]},
			"faces": {
				"north": {"uv": [10, 7, 11, 8], "texture": "#side", "cullface": "north"},
				"south": {"uv": [11, 7, 10, 8], "texture": "#side", "cullface": "north"}
			}
		},
		{
			"from": [6, -8, -0.01],
			"to": [7, -6, -0.01],
			"rotation": {"angle": 0, "axis": "x", "origin": [8, 0, -0.01]},
			"faces": {
				"north": {"uv": [9, 7, 10, 9], "texture": "#side", "cullface": "north"},
				"south": {"uv": [10, 7, 9, 9], "texture": "#side", "cullface": "north"}
			}
		},
		{
			"from": [8, -7, -0.01],
			"to": [9, -6, -0.01],
			"rotation": {"angle": 0, "axis": "x", "origin": [8, 0, -0.01]},
			"faces": {
				"north": {"uv": [7, 7, 8, 8], "texture": "#side", "cullface": "north"},
				"south": {"uv": [8, 7, 7, 8], "texture": "#side", "cullface": "north"}
			}
		},
		{
			"from": [3, -6, -0.01],
			"to": [9, -4, -0.01],
			"rotation": {"angle": 0, "axis": "x", "origin": [8, 0, -0.01]},
			"faces": {
				"north": {"uv": [7, 5, 13, 7], "texture": "#side", "cullface": "north"},
				"south": {"uv": [13, 5, 7, 7], "texture": "#side", "cullface": "north"}
			}
		},
		{
			"from": [11, -7, -0.01],
			"to": [12, -5, -0.01],
			"rotation": {"angle": 0, "axis": "x", "origin": [8, 0, -0.01]},
			"faces": {
				"north": {"uv": [4, 6, 5, 8], "texture": "#side", "cullface": "north"},
				"south": {"uv": [5, 6, 4, 8], "texture": "#side", "cullface": "north"}
			}
		},
		{
			"from": [10, -5, -0.01],
			"to": [13, -4, -0.01],
			"rotation": {"angle": 0, "axis": "x", "origin": [8, 0, -0.01]},
			"faces": {
				"north": {"uv": [3, 5, 6, 6], "texture": "#side", "cullface": "north"},
				"south": {"uv": [6, 5, 3, 6], "texture": "#side", "cullface": "north"}
			}
		},
		{
			"from": [15, -5, -0.01],
			"to": [16, -4, -0.01],
			"rotation": {"angle": 0, "axis": "x", "origin": [8, 0, -0.01]},
			"faces": {
				"north": {"uv": [0, 5, 1, 6], "texture": "#side", "cullface": "north"},
				"south": {"uv": [1, 5, 0, 6], "texture": "#side", "cullface": "north"}
			}
		},
		{
			"from": [-0.01, -4, -0.01],
			"to": [16, 1, -0.01],
			"rotation": {"angle": 0, "axis": "x", "origin": [8, 0, -0.01]},
			"faces": {
				"north": {"uv": [0, 0, 16, 5], "texture": "#side", "cullface": "north"},
				"south": {"uv": [0, 0, 16, 5], "texture": "#side", "cullface": "north"}
			}
		},
		{
			"from": [16, -6, 14.99],
			"to": [16, -4, 16],
			"rotation": {"angle": 0, "axis": "y", "origin": [16, 0, 7.99]},
			"faces": {
				"east": {"uv": [15, 5, 16, 7], "texture": "#side", "cullface": "east"},
				"west": {"uv": [15, 5, 16, 7], "texture": "#side", "cullface": "east"}
			}
		},
		{
			"from": [16, -5, 13.99],
			"to": [16, -4, 14.99],
			"rotation": {"angle": 0, "axis": "y", "origin": [16, 0, 7.99]},
			"faces": {
				"east": {"uv": [15, 5, 14, 6], "texture": "#side", "cullface": "east"},
				"west": {"uv": [14, 5, 15, 6], "texture": "#side", "cullface": "east"}
			}
		},
		{
			"from": [16, -8, 10.99],
			"to": [16, -6, 11.99],
			"rotation": {"angle": 0, "axis": "y", "origin": [16, 0, 7.99]},
			"faces": {
				"east": {"uv": [12, 7, 11, 9], "texture": "#side", "cullface": "east"},
				"west": {"uv": [11, 7, 12, 9], "texture": "#side", "cullface": "east"}
			}
		},
		{
			"from": [16, -7, 9.99],
			"to": [16, -6, 10.99],
			"rotation": {"angle": 0, "axis": "y", "origin": [16, 0, 7.99]},
			"faces": {
				"east": {"uv": [11, 7, 10, 8], "texture": "#side", "cullface": "east"},
				"west": {"uv": [10, 7, 11, 8], "texture": "#side", "cullface": "east"}
			}
		},
		{
			"from": [16, -8, 8.99],
			"to": [16, -6, 9.99],
			"rotation": {"angle": 0, "axis": "y", "origin": [16, 0, 7.99]},
			"faces": {
				"east": {"uv": [10, 7, 9, 9], "texture": "#side", "cullface": "east"},
				"west": {"uv": [9, 7, 10, 9], "texture": "#side", "cullface": "east"}
			}
		},
		{
			"from": [16, -7, 6.99],
			"to": [16, -6, 7.99],
			"rotation": {"angle": 0, "axis": "y", "origin": [16, 0, 7.99]},
			"faces": {
				"east": {"uv": [8, 7, 7, 8], "texture": "#side", "cullface": "east"},
				"west": {"uv": [7, 7, 8, 8], "texture": "#side", "cullface": "east"}
			}
		},
		{
			"from": [16, -6, 6.99],
			"to": [16, -4, 12.99],
			"rotation": {"angle": 0, "axis": "y", "origin": [16, 0, 7.99]},
			"faces": {
				"east": {"uv": [13, 5, 7, 7], "texture": "#side", "cullface": "east"},
				"west": {"uv": [7, 5, 13, 7], "texture": "#side", "cullface": "east"}
			}
		},
		{
			"from": [16, -7, 3.99],
			"to": [16, -5, 4.99],
			"rotation": {"angle": 0, "axis": "y", "origin": [16, 0, 7.99]},
			"faces": {
				"east": {"uv": [5, 6, 4, 8], "texture": "#side", "cullface": "east"},
				"west": {"uv": [4, 6, 5, 8], "texture": "#side", "cullface": "east"}
			}
		},
		{
			"from": [16, -5, 2.99],
			"to": [16, -4, 5.99],
			"rotation": {"angle": 0, "axis": "y", "origin": [16, 0, 7.99]},
			"faces": {
				"east": {"uv": [6, 5, 3, 6], "texture": "#side", "cullface": "east"},
				"west": {"uv": [3, 5, 6, 6], "texture": "#side", "cullface": "east"}
			}
		},
		{
			"from": [16, -5, -0.01],
			"to": [16, -4, 0.99],
			"rotation": {"angle": 0, "axis": "y", "origin": [16, 0, 7.99]},
			"faces": {
				"east": {"uv": [1, 5, 0, 6], "texture": "#side", "cullface": "east"},
				"west": {"uv": [0, 5, 1, 6], "texture": "#side", "cullface": "east"}
			}
		},
		{
			"from": [16, -4, -0.01],
			"to": [16, 1, 16],
			"rotation": {"angle": 0, "axis": "y", "origin": [16, 0, 7.99]},
			"faces": {
				"east": {"uv": [0, 0, 16, 5], "texture": "#side", "cullface": "east"},
				"west": {"uv": [0, 0, 16, 5], "texture": "#side", "cullface": "east"}
			}
		},
		{
			"from": [-0.01, -6, 16.01],
			"to": [1, -4, 16.01],
			"rotation": {"angle": 0, "axis": "y", "origin": [8, 0, 16.01]},
			"faces": {
				"north": {"uv": [15, 5, 16, 7], "texture": "#side", "cullface": "south"},
				"south": {"uv": [15, 5, 16, 7], "texture": "#side", "cullface": "south"}
			}
		},
		{
			"from": [1, -5, 16.01],
			"to": [2, -4, 16.01],
			"rotation": {"angle": 0, "axis": "y", "origin": [8, 0, 16.01]},
			"faces": {
				"north": {"uv": [14, 5, 15, 6], "texture": "#side", "cullface": "south"},
				"south": {"uv": [15, 5, 14, 6], "texture": "#side", "cullface": "south"}
			}
		},
		{
			"from": [4, -8, 16.01],
			"to": [5, -6, 16.01],
			"rotation": {"angle": 0, "axis": "y", "origin": [8, 0, 16.01]},
			"faces": {
				"north": {"uv": [11, 7, 12, 9], "texture": "#side", "cullface": "south"},
				"south": {"uv": [12, 7, 11, 9], "texture": "#side", "cullface": "south"}
			}
		},
		{
			"from": [5, -7, 16.01],
			"to": [6, -6, 16.01],
			"rotation": {"angle": 0, "axis": "y", "origin": [8, 0, 16.01]},
			"faces": {
				"north": {"uv": [10, 7, 11, 8], "texture": "#side", "cullface": "south"},
				"south": {"uv": [11, 7, 10, 8], "texture": "#side", "cullface": "south"}
			}
		},
		{
			"from": [6, -8, 16.01],
			"to": [7, -6, 16.01],
			"rotation": {"angle": 0, "axis": "y", "origin": [8, 0, 16.01]},
			"faces": {
				"north": {"uv": [9, 7, 10, 9], "texture": "#side", "cullface": "south"},
				"south": {"uv": [10, 7, 9, 9], "texture": "#side", "cullface": "south"}
			}
		},
		{
			"from": [8, -7, 16.01],
			"to": [9, -6, 16.01],
			"rotation": {"angle": 0, "axis": "y", "origin": [8, 0, 16.01]},
			"faces": {
				"north": {"uv": [7, 7, 8, 8], "texture": "#side", "cullface": "south"},
				"south": {"uv": [8, 7, 7, 8], "texture": "#side", "cullface": "south"}
			}
		},
		{
			"from": [3, -6, 16.01],
			"to": [9, -4, 16.01],
			"rotation": {"angle": 0, "axis": "y", "origin": [8, 0, 16.01]},
			"faces": {
				"north": {"uv": [7, 5, 13, 7], "texture": "#side", "cullface": "south"},
				"south": {"uv": [13, 5, 7, 7], "texture": "#side", "cullface": "south"}
			}
		},
		{
			"from": [11, -7, 16.01],
			"to": [12, -5, 16.01],
			"rotation": {"angle": 0, "axis": "y", "origin": [8, 0, 16.01]},
			"faces": {
				"north": {"uv": [4, 6, 5, 8], "texture": "#side", "cullface": "south"},
				"south": {"uv": [5, 6, 4, 8], "texture": "#side", "cullface": "south"}
			}
		},
		{
			"from": [10, -5, 16.01],
			"to": [13, -4, 16.01],
			"rotation": {"angle": 0, "axis": "y", "origin": [8, 0, 16.01]},
			"faces": {
				"north": {"uv": [3, 5, 6, 6], "texture": "#side", "cullface": "south"},
				"south": {"uv": [6, 5, 3, 6], "texture": "#side", "cullface": "south"}
			}
		},
		{
			"from": [15, -5, 16.01],
			"to": [16, -4, 16.01],
			"rotation": {"angle": 0, "axis": "y", "origin": [8, 0, 16.01]},
			"faces": {
				"north": {"uv": [0, 5, 1, 6], "texture": "#side", "cullface": "south"},
				"south": {"uv": [1, 5, 0, 6], "texture": "#side", "cullface": "south"}
			}
		},
		{
			"from": [-0.01, -4, 16.01],
			"to": [16, 1, 16.01],
			"rotation": {"angle": 0, "axis": "y", "origin": [8, 0, 16.01]},
			"faces": {
				"north": {"uv": [0, 0, 16, 5], "texture": "#side", "cullface": "south"},
				"south": {"uv": [0, 0, 16, 5], "texture": "#side", "cullface": "south"}
			}
		},
		{
			"from": [-0.001, -6, 0],
			"to": [-0.001, -4, 1.01],
			"rotation": {"angle": 0, "axis": "y", "origin": [-0.01, 0, 8.01]},
			"faces": {
				"east": {"uv": [15, 5, 16, 7], "texture": "#side", "cullface": "west"},
				"west": {"uv": [15, 5, 16, 7], "texture": "#side", "cullface": "west"}
			}
		},
		{
			"from": [-0.001, -5, 1.01],
			"to": [-0.001, -4, 2.01],
			"rotation": {"angle": 0, "axis": "y", "origin": [-0.01, 0, 8.01]},
			"faces": {
				"east": {"uv": [14, 5, 15, 6], "texture": "#side", "cullface": "west"},
				"west": {"uv": [15, 5, 14, 6], "texture": "#side", "cullface": "west"}
			}
		},
		{
			"from": [-0.001, -8, 4.01],
			"to": [-0.001, -6, 5.01],
			"rotation": {"angle": 0, "axis": "y", "origin": [-0.01, 0, 8.01]},
			"faces": {
				"east": {"uv": [11, 7, 12, 9], "texture": "#side", "cullface": "west"},
				"west": {"uv": [12, 7, 11, 9], "texture": "#side", "cullface": "west"}
			}
		},
		{
			"from": [-0.001, -7, 5.01],
			"to": [-0.001, -6, 6.01],
			"rotation": {"angle": 0, "axis": "y", "origin": [-0.01, 0, 8.01]},
			"faces": {
				"east": {"uv": [10, 7, 11, 8], "texture": "#side", "cullface": "west"},
				"west": {"uv": [11, 7, 10, 8], "texture": "#side", "cullface": "west"}
			}
		},
		{
			"from": [-0.001, -8, 6.01],
			"to": [-0.001, -6, 7.01],
			"rotation": {"angle": 0, "axis": "y", "origin": [-0.01, 0, 8.01]},
			"faces": {
				"east": {"uv": [9, 7, 10, 9], "texture": "#side", "cullface": "west"},
				"west": {"uv": [10, 7, 9, 9], "texture": "#side", "cullface": "west"}
			}
		},
		{
			"from": [-0.001, -7, 8.01],
			"to": [-0.001, -6, 9.01],
			"rotation": {"angle": 0, "axis": "y", "origin": [-0.01, 0, 8.01]},
			"faces": {
				"east": {"uv": [7, 7, 8, 8], "texture": "#side", "cullface": "west"},
				"west": {"uv": [8, 7, 7, 8], "texture": "#side", "cullface": "west"}
			}
		},
		{
			"from": [-0.001, -6, 3.01],
			"to": [-0.001, -4, 9.01],
			"rotation": {"angle": 0, "axis": "y", "origin": [-0.01, 0, 8.01]},
			"faces": {
				"east": {"uv": [7, 5, 13, 7], "texture": "#side", "cullface": "west"},
				"west": {"uv": [13, 5, 7, 7], "texture": "#side", "cullface": "west"}
			}
		},
		{
			"from": [-0.001, -7, 11.01],
			"to": [-0.001, -5, 12.01],
			"rotation": {"angle": 0, "axis": "y", "origin": [-0.01, 0, 8.01]},
			"faces": {
				"east": {"uv": [4, 6, 5, 8], "texture": "#side", "cullface": "west"},
				"west": {"uv": [5, 6, 4, 8], "texture": "#side", "cullface": "west"}
			}
		},
		{
			"from": [-0.001, -5, 10.01],
			"to": [-0.001, -4, 13.01],
			"rotation": {"angle": 0, "axis": "y", "origin": [-0.01, 0, 8.01]},
			"faces": {
				"east": {"uv": [3, 5, 6, 6], "texture": "#side", "cullface": "west"},
				"west": {"uv": [6, 5, 3, 6], "texture": "#side", "cullface": "west"}
			}
		},
		{
			"from": [-0.001, -5, 15.01],
			"to": [-0.001, -4, 16.01],
			"rotation": {"angle": 0, "axis": "y", "origin": [-0.01, 0, 8.01]},
			"faces": {
				"east": {"uv": [0, 5, 1, 6], "texture": "#side", "cullface": "west"},
				"west": {"uv": [1, 5, 0, 6], "texture": "#side", "cullface": "west"}
			}
		},
		{
			"from": [-0.001, -4, 0],
			"to": [-0.001, 1, 16.01],
			"rotation": {"angle": 0, "axis": "y", "origin": [-0.01, 0, 8.01]},
			"faces": {
				"east": {"uv": [0, 0, 16, 5], "texture": "#side", "cullface": "west"},
				"west": {"uv": [0, 0, 16, 5], "texture": "#side", "cullface": "west"}
			}
		}
	],
	"display": {
		"thirdperson_righthand": {
			"rotation": [75, 45, 0],
			"translation": [0, 2.5, 2],
			"scale": [0.375, 0.375, 0.375]
		},
		"thirdperson_lefthand": {
			"rotation": [75, 45, 0],
			"translation": [0, 2.5, 2],
			"scale": [0.375, 0.375, 0.375]
		},
		"firstperson_righthand": {
			"rotation": [0, 45, 0],
			"translation": [0, 4.2, 0],
			"scale": [0.4, 0.4, 0.4]
		},
		"firstperson_lefthand": {
			"rotation": [0, -135, 0],
			"translation": [0, 4.2, 0],
			"scale": [0.4, 0.4, 0.4]
		},
		"ground": {
			"translation": [0, 3, 0],
			"scale": [0.25, 0.25, 0.25]
		},
		"gui": {
			"rotation": [30, -135, 0],
			"translation": [0, 6.25, 0],
			"scale": [0.625, 0.625, 0.625]
		},
		"head": {
			"translation": [0, 17.5, 0],
			"scale": [1.44, 1.44, 1.44]
		},
		"fixed": {
			"scale": [0.5, 0.5, 0.5]
		}
	},
	"groups": [
		0,
		{
			"name": "north",
			"origin": [8, 8, 8],
			"color": 0,
			"children": [1, 2, 3, 4, 5, 6, 7, 8, 9, 10, 11]
		},
		{
			"name": "east",
			"origin": [8, 8, 8],
			"color": 0,
			"children": [12, 13, 14, 15, 16, 17, 18, 19, 20, 21, 22]
		},
		{
			"name": "south",
			"origin": [8, 8, 8],
			"color": 0,
			"children": [23, 24, 25, 26, 27, 28, 29, 30, 31, 32, 33]
		},
		{
			"name": "west",
			"origin": [8, 8, 8],
			"color": 0,
			"children": [34, 35, 36, 37, 38, 39, 40, 41, 42, 43, 44]
		}
	]
}