{"format_version":"1.21.6","credit":"Green Guy","textures":{"particle":"block/moss/moss_block_3","block":"block/moss/moss_block_3"},"elements":[{"from":[0,0,0],"to":[16,16,16],"faces":{"north":{"uv":[0,0,16,16],"texture":"#block","cullface":"north"},"east":{"uv":[0,0,16,16],"texture":"#block","cullface":"east"},"south":{"uv":[0,0,16,16],"texture":"#block","cullface":"south"},"west":{"uv":[0,0,16,16],"texture":"#block","cullface":"west"},"up":{"uv":[0,0,16,16],"texture":"#block","cullface":"up"},"down":{"uv":[0,0,16,16],"texture":"#block","cullface":"down"}}}],"display":{"thirdperson_righthand":{"rotation":[75,45,0],"translation":[0,2.5,0],"scale":[0.375,0.375,0.375]},"thirdperson_lefthand":{"rotation":[75,45,0],"translation":[0,2.5,0],"scale":[0.375,0.375,0.375]},"firstperson_righthand":{"rotation":[0,45,0],"scale":[0.4,0.4,0.4]},"firstperson_lefthand":{"rotation":[0,-135,0],"scale":[0.4,0.4,0.4]},"ground":{"translation":[0,3,0],"scale":[0.25,0.25,0.25]},"gui":{"rotation":[30,-135,0],"scale":[0.625,0.625,0.625]},"fixed":{"scale":[0.5,0.5,0.5]}}}