{
	"format_version": "1.21.6",
	"credit": "Green Guy",
	"textures": {
		"0": "block/snow/snow_overlay",
		"1": "block/snow/snow_block",
		"2": "block/snow/snow_underside",
		"particle": "block/snow/snow_overlay"
	},
	"elements": [
		{
			"from": [-0.01, -7, 1],
			"to": [-0.01, -6, 2],
			"rotation": {"angle": 0, "axis": "y", "origin": [-0.01, 0, 0]},
			"faces": {
				"east": {"uv": [2, 7, 1, 8], "texture": "#0", "cullface": "west"},
				"west": {"uv": [1, 7, 2, 8], "texture": "#0", "cullface": "west"}
			}
		},
		{
			"from": [-0.01, -6, 0],
			"to": [-0.01, -4, 3],
			"rotation": {"angle": 0, "axis": "y", "origin": [-0.01, 0, 0]},
			"faces": {
				"east": {"uv": [3, 5, 0, 7], "texture": "#0", "cullface": "west"},
				"west": {"uv": [0, 5, 3, 7], "texture": "#0", "cullface": "west"}
			}
		},
		{
			"from": [-0.01, -5, 3],
			"to": [-0.01, -4, 5],
			"rotation": {"angle": 0, "axis": "y", "origin": [-0.01, 0, 0]},
			"faces": {
				"east": {"uv": [5, 5, 3, 6], "texture": "#0", "cullface": "west"},
				"west": {"uv": [3, 5, 5, 6], "texture": "#0", "cullface": "west"}
			}
		},
		{
			"from": [-0.01, -5, 7],
			"to": [-0.01, -4, 8],
			"rotation": {"angle": 0, "axis": "y", "origin": [-0.01, 0, 0]},
			"faces": {
				"east": {"uv": [8, 5, 7, 6], "texture": "#0", "cullface": "west"},
				"west": {"uv": [7, 5, 8, 6], "texture": "#0", "cullface": "west"}
			}
		},
		{
			"from": [-0.01, -5, 11],
			"to": [-0.01, -4, 13],
			"rotation": {"angle": 0, "axis": "y", "origin": [-0.01, 0, 0]},
			"faces": {
				"east": {"uv": [13, 5, 11, 6], "texture": "#0", "cullface": "west"},
				"west": {"uv": [11, 5, 13, 6], "texture": "#0", "cullface": "west"}
			}
		},
		{
			"from": [-0.01, -6, 13],
			"to": [-0.01, -4, 15],
			"rotation": {"angle": 0, "axis": "y", "origin": [-0.01, 0, 0]},
			"faces": {
				"east": {"uv": [15, 5, 13, 7], "texture": "#0", "cullface": "west"},
				"west": {"uv": [13, 5, 15, 7], "texture": "#0", "cullface": "west"}
			}
		},
		{
			"from": [-0.01, -4, 0],
			"to": [-0.01, 1, 15],
			"rotation": {"angle": 0, "axis": "y", "origin": [-0.01, 0, 0]},
			"faces": {
				"east": {"uv": [15, 0, 0, 5], "texture": "#0", "cullface": "west"},
				"west": {"uv": [0, 0, 15, 5], "texture": "#0", "cullface": "west"}
			}
		},
		{
			"from": [-0.01, -6, 15],
			"to": [-0.01, 1, 16.01],
			"rotation": {"angle": 0, "axis": "y", "origin": [-0.01, 0, 0]},
			"faces": {
				"east": {"uv": [16, 0, 15, 7], "texture": "#0", "cullface": "west"},
				"west": {"uv": [15, 0, 16, 7], "texture": "#0", "cullface": "west"}
			}
		},
		{
			"from": [1, -7, 16.01],
			"to": [2, -6, 16.01],
			"rotation": {"angle": 0, "axis": "y", "origin": [0, 0, 16.01]},
			"faces": {
				"north": {"uv": [2, 7, 1, 8], "texture": "#0", "cullface": "south"},
				"south": {"uv": [1, 7, 2, 8], "texture": "#0", "cullface": "south"}
			}
		},
		{
			"from": [0, -6, 16.01],
			"to": [3, -4, 16.01],
			"rotation": {"angle": 0, "axis": "y", "origin": [0, 0, 16.01]},
			"faces": {
				"north": {"uv": [3, 5, 0, 7], "texture": "#0", "cullface": "south"},
				"south": {"uv": [0, 5, 3, 7], "texture": "#0", "cullface": "south"}
			}
		},
		{
			"from": [3, -5, 16.01],
			"to": [5, -4, 16.01],
			"rotation": {"angle": 0, "axis": "y", "origin": [0, 0, 16.01]},
			"faces": {
				"north": {"uv": [5, 5, 3, 6], "texture": "#0", "cullface": "south"},
				"south": {"uv": [3, 5, 5, 6], "texture": "#0", "cullface": "south"}
			}
		},
		{
			"from": [7, -5, 16.01],
			"to": [8, -4, 16.01],
			"rotation": {"angle": 0, "axis": "y", "origin": [0, 0, 16.01]},
			"faces": {
				"north": {"uv": [8, 5, 7, 6], "texture": "#0", "cullface": "south"},
				"south": {"uv": [7, 5, 8, 6], "texture": "#0", "cullface": "south"}
			}
		},
		{
			"from": [11, -5, 16.01],
			"to": [13, -4, 16.01],
			"rotation": {"angle": 0, "axis": "y", "origin": [0, 0, 16.01]},
			"faces": {
				"north": {"uv": [13, 5, 11, 6], "texture": "#0", "cullface": "south"},
				"south": {"uv": [11, 5, 13, 6], "texture": "#0", "cullface": "south"}
			}
		},
		{
			"from": [13, -6, 16.01],
			"to": [15, -4, 16.01],
			"rotation": {"angle": 0, "axis": "y", "origin": [0, 0, 16.01]},
			"faces": {
				"north": {"uv": [15, 5, 13, 7], "texture": "#0", "cullface": "south"},
				"south": {"uv": [13, 5, 15, 7], "texture": "#0", "cullface": "south"}
			}
		},
		{
			"from": [0, -4, 16.01],
			"to": [15, 1, 16.01],
			"rotation": {"angle": 0, "axis": "y", "origin": [0, 0, 16.01]},
			"faces": {
				"north": {"uv": [15, 0, 0, 5], "texture": "#0", "cullface": "south"},
				"south": {"uv": [0, 0, 15, 5], "texture": "#0", "cullface": "south"}
			}
		},
		{
			"from": [15, -6, 16.01],
			"to": [16.01, 1, 16.01],
			"rotation": {"angle": 0, "axis": "y", "origin": [0, 0, 16.01]},
			"faces": {
				"north": {"uv": [16, 0, 15, 7], "texture": "#0", "cullface": "south"},
				"south": {"uv": [15, 0, 16, 7], "texture": "#0", "cullface": "south"}
			}
		},
		{
			"from": [16.01, -7, 14],
			"to": [16.01, -6, 15],
			"rotation": {"angle": 0, "axis": "y", "origin": [16.01, 0, 16]},
			"faces": {
				"east": {"uv": [1, 7, 2, 8], "texture": "#0", "cullface": "east"},
				"west": {"uv": [2, 7, 1, 8], "texture": "#0", "cullface": "east"}
			}
		},
		{
			"from": [16.01, -6, 13],
			"to": [16.01, -4, 16],
			"rotation": {"angle": 0, "axis": "y", "origin": [16.01, 0, 16]},
			"faces": {
				"east": {"uv": [0, 5, 3, 7], "texture": "#0", "cullface": "east"},
				"west": {"uv": [3, 5, 0, 7], "texture": "#0", "cullface": "east"}
			}
		},
		{
			"from": [16.01, -5, 11],
			"to": [16.01, -4, 13],
			"rotation": {"angle": 0, "axis": "y", "origin": [16.01, 0, 16]},
			"faces": {
				"east": {"uv": [3, 5, 5, 6], "texture": "#0", "cullface": "east"},
				"west": {"uv": [5, 5, 3, 6], "texture": "#0", "cullface": "east"}
			}
		},
		{
			"from": [16.01, -5, 8],
			"to": [16.01, -4, 9],
			"rotation": {"angle": 0, "axis": "y", "origin": [16.01, 0, 16]},
			"faces": {
				"east": {"uv": [7, 5, 8, 6], "texture": "#0", "cullface": "east"},
				"west": {"uv": [8, 5, 7, 6], "texture": "#0", "cullface": "east"}
			}
		},
		{
			"from": [16.01, -5, 3],
			"to": [16.01, -4, 5],
			"rotation": {"angle": 0, "axis": "y", "origin": [16.01, 0, 16]},
			"faces": {
				"east": {"uv": [11, 5, 13, 6], "texture": "#0", "cullface": "east"},
				"west": {"uv": [13, 5, 11, 6], "texture": "#0", "cullface": "east"}
			}
		},
		{
			"from": [16.01, -6, 1],
			"to": [16.01, -4, 3],
			"rotation": {"angle": 0, "axis": "y", "origin": [16.01, 0, 16]},
			"faces": {
				"east": {"uv": [13, 5, 15, 7], "texture": "#0", "cullface": "east"},
				"west": {"uv": [15, 5, 13, 7], "texture": "#0", "cullface": "east"}
			}
		},
		{
			"from": [16.01, -4, 1],
			"to": [16.01, 1, 16],
			"rotation": {"angle": 0, "axis": "y", "origin": [16.01, 0, 16]},
			"faces": {
				"east": {"uv": [0, 0, 15, 5], "texture": "#0", "cullface": "east"},
				"west": {"uv": [15, 0, 0, 5], "texture": "#0", "cullface": "east"}
			}
		},
		{
			"from": [16.01, -6, -0.01],
			"to": [16.01, 1, 1],
			"rotation": {"angle": 0, "axis": "y", "origin": [16.01, 0, 16]},
			"faces": {
				"east": {"uv": [15, 0, 16, 7], "texture": "#0", "cullface": "east"},
				"west": {"uv": [16, 0, 15, 7], "texture": "#0", "cullface": "east"}
			}
		},
		{
			"from": [14, -7, -0.01],
			"to": [15, -6, -0.01],
			"rotation": {"angle": 0, "axis": "y", "origin": [16, 0, -0.01]},
			"faces": {
				"north": {"uv": [1, 7, 2, 8], "texture": "#0", "cullface": "north"},
				"south": {"uv": [2, 7, 1, 8], "texture": "#0", "cullface": "north"}
			}
		},
		{
			"from": [13, -6, -0.01],
			"to": [16, -4, -0.01],
			"rotation": {"angle": 0, "axis": "y", "origin": [16, 0, -0.01]},
			"faces": {
				"north": {"uv": [0, 5, 3, 7], "texture": "#0", "cullface": "north"},
				"south": {"uv": [3, 5, 0, 7], "texture": "#0", "cullface": "north"}
			}
		},
		{
			"from": [11, -5, -0.01],
			"to": [13, -4, -0.01],
			"rotation": {"angle": 0, "axis": "y", "origin": [16, 0, -0.01]},
			"faces": {
				"north": {"uv": [3, 5, 5, 6], "texture": "#0", "cullface": "north"},
				"south": {"uv": [5, 5, 3, 6], "texture": "#0", "cullface": "north"}
			}
		},
		{
			"from": [8, -5, -0.01],
			"to": [9, -4, -0.01],
			"rotation": {"angle": 0, "axis": "y", "origin": [16, 0, -0.01]},
			"faces": {
				"north": {"uv": [7, 5, 8, 6], "texture": "#0", "cullface": "north"},
				"south": {"uv": [8, 5, 7, 6], "texture": "#0", "cullface": "north"}
			}
		},
		{
			"from": [3, -5, -0.01],
			"to": [5, -4, -0.01],
			"rotation": {"angle": 0, "axis": "y", "origin": [16, 0, -0.01]},
			"faces": {
				"north": {"uv": [11, 5, 13, 6], "texture": "#0", "cullface": "north"},
				"south": {"uv": [13, 5, 11, 6], "texture": "#0", "cullface": "north"}
			}
		},
		{
			"from": [1, -6, -0.01],
			"to": [3, -4, -0.01],
			"rotation": {"angle": 0, "axis": "y", "origin": [16, 0, -0.01]},
			"faces": {
				"north": {"uv": [13, 5, 15, 7], "texture": "#0", "cullface": "north"},
				"south": {"uv": [15, 5, 13, 7], "texture": "#0", "cullface": "north"}
			}
		},
		{
			"from": [1, -4, -0.01],
			"to": [16, 1, -0.01],
			"rotation": {"angle": 0, "axis": "y", "origin": [16, 0, -0.01]},
			"faces": {
				"north": {"uv": [0, 0, 15, 5], "texture": "#0", "cullface": "north"},
				"south": {"uv": [15, 0, 0, 5], "texture": "#0", "cullface": "north"}
			}
		},
		{
			"from": [-0.01, -6, -0.01],
			"to": [1, 1, -0.01],
			"rotation": {"angle": 0, "axis": "y", "origin": [16, 0, -0.01]},
			"faces": {
				"north": {"uv": [15, 0, 16, 7], "texture": "#0", "cullface": "north"},
				"south": {"uv": [16, 0, 15, 7], "texture": "#0", "cullface": "north"}
			}
		},
		{
			"from": [0, 0, 0],
			"to": [16, 8, 16],
			"faces": {
				"north": {"uv": [0, 8, 16, 16], "texture": "#1", "cullface": "north"},
				"east": {"uv": [0, 8, 16, 16], "texture": "#1", "cullface": "east"},
				"south": {"uv": [0, 8, 16, 16], "texture": "#1", "cullface": "south"},
				"west": {"uv": [0, 8, 16, 16], "texture": "#1", "cullface": "west"},
				"up": {"uv": [0, 0, 16, 16], "texture": "#1"},
				"down": {"uv": [0, 0, 16, 16], "texture": "#2", "cullface": "down"}
			}
		}
	],
	"groups": [
		{
			"name": "west",
			"origin": [0, -8, 0],
			"color": 0,
			"children": [0, 1, 2, 3, 4, 5, 6, 7]
		},
		{
			"name": "south",
			"origin": [0, -8, 0],
			"color": 0,
			"children": [8, 9, 10, 11, 12, 13, 14, 15]
		},
		{
			"name": "east",
			"origin": [0, -8, 0],
			"color": 0,
			"children": [16, 17, 18, 19, 20, 21, 22, 23]
		},
		{
			"name": "north",
			"origin": [0, -8, 0],
			"color": 0,
			"children": [24, 25, 26, 27, 28, 29, 30, 31]
		},
		32
	]
}