{
	"format_version": "1.21.6",
	"credit": "Green Guy",
	"ambientocclusion": false,
	"textures": {
		"b1": "block/sunflower/sunflower_bottom_3",
		"b2": "block/sunflower/sunflower_bottom_alt_3",
		"base": "block/sunflower/base_3"
	},
	"elements": [
		{
			"name": "base",
			"from": [0.8, 0, 8],
			"to": [15.2, 16, 8],
			"shade": false,
			"rotation": {"angle": 45, "axis": "y", "origin": [8, 8, 8]},
			"faces": {
				"north": {"uv": [16, 0, 0, 16], "texture": "#base"},
				"south": {"uv": [0, 0, 16, 16], "texture": "#base"}
			}
		},
		{
			"name": "base",
			"from": [8, 0, 0.8],
			"to": [8, 16, 15.2],
			"shade": false,
			"rotation": {"angle": 45, "axis": "y", "origin": [8, 8, 8]},
			"faces": {
				"east": {"uv": [0, 0, 16, 16], "texture": "#base"},
				"west": {"uv": [16, 0, 0, 16], "texture": "#base"}
			}
		},
		{
			"from": [0.8, 0, 8],
			"to": [15.2, 16, 8],
			"shade": false,
			"rotation": {"angle": 0, "axis": "y", "origin": [8, 8, 8]},
			"faces": {
				"north": {"uv": [0, 0, 16, 16], "texture": "#b1"},
				"south": {"uv": [16, 0, 0, 16], "texture": "#b1"}
			}
		},
		{
			"from": [8, 0, 0.8],
			"to": [8, 16, 15.2],
			"shade": false,
			"rotation": {"angle": 0, "axis": "y", "origin": [8, 8, 8]},
			"faces": {
				"east": {"uv": [16, 0, 0, 16], "texture": "#b2"},
				"west": {"uv": [0, 0, 16, 16], "texture": "#b2"}
			}
		}
	]
}