{
  "variants": {
    "": [
      {"model": "minecraft:block/snow/powder/powder_snow"},
      {"model": "minecraft:block/snow/powder/powder_snow_2"},
      {"model": "minecraft:block/snow/powder/powder_snow_3"},
      {"model": "minecraft:block/snow/powder/powder_snow_4"},
      {"model": "minecraft:block/snow/powder/powder_snow", "y": 180},
      {"model": "minecraft:block/snow/powder/powder_snow_2", "y": 180},
      {"model": "minecraft:block/snow/powder/powder_snow_3", "y": 180},
      {"model": "minecraft:block/snow/powder/powder_snow_4", "y": 180}
    ]
  }
}