{
  "variants": {
    "facing=east": [
      {"model": "minecraft:block/pumpkin/jack_o_lantern/jack_o_lantern", "y": 90},
      {"model": "minecraft:block/pumpkin/jack_o_lantern/jack_o_lantern_2", "y": 90},
      {"model": "minecraft:block/pumpkin/jack_o_lantern/jack_o_lantern_3", "y": 90},
      {"model": "minecraft:block/pumpkin/jack_o_lantern/jack_o_lantern_4", "y": 90}
    ],
    "facing=north": [
      {"model": "minecraft:block/pumpkin/jack_o_lantern/jack_o_lantern"},
      {"model": "minecraft:block/pumpkin/jack_o_lantern/jack_o_lantern_2"},
      {"model": "minecraft:block/pumpkin/jack_o_lantern/jack_o_lantern_3"},
      {"model": "minecraft:block/pumpkin/jack_o_lantern/jack_o_lantern_4"}
    ],
    "facing=south": [
      {"model": "minecraft:block/pumpkin/jack_o_lantern/jack_o_lantern", "y": 180},
      {"model": "minecraft:block/pumpkin/jack_o_lantern/jack_o_lantern_2", "y": 180},
      {"model": "minecraft:block/pumpkin/jack_o_lantern/jack_o_lantern_3", "y": 180},
      {"model": "minecraft:block/pumpkin/jack_o_lantern/jack_o_lantern_4", "y": 180}
    ],
    "facing=west": [
      {"model": "minecraft:block/pumpkin/jack_o_lantern/jack_o_lantern", "y": 270},
      {"model": "minecraft:block/pumpkin/jack_o_lantern/jack_o_lantern_2", "y": 270},
      {"model": "minecraft:block/pumpkin/jack_o_lantern/jack_o_lantern_3", "y": 270},
      {"model": "minecraft:block/pumpkin/jack_o_lantern/jack_o_lantern_4", "y": 27 0}
    ],
  }
}