{
	"model": {
		"type": "minecraft:composite",
		"models": [
			{
				"type": "minecraft:select",
				"property": "minecraft:display_context",
				"cases": [
					{
						"when": [
							"firstperson_righthand",
							"firstperson_lefthand",
							"thirdperson_righthand",
							"thirdperson_lefthand",
							"head"
						],
						"model": {
							"type": "minecraft:model",
							"model": "minecraft:item/sunflower/sunflower_item_model"
						}
					},
					{
						"when": [
							"none",
							"gui",
							"ground",
							"fixed"
						],
						"model": {
							"type": "minecraft:model",
							"model": "minecraft:item/sunflower/sunflower_item_icon"
						}
					}
				],
				"fallback": {
					"type": "minecraft:model",
					"model": "minecraft:item/sunflower/sunflower_item_icon"
				}
			}
		]
	}
}