{
	"format_version": "1.21.6",
	"credit": "Green Guy",
	"ambientocclusion": false,
	"texture_size": [32, 32],
	"textures": {
		"particle": "#cross"
	},
	"elements": [
		{
			"from": [8, -1, -8],
			"to": [8, 31, 24],
			"shade": false,
			"rotation": {"angle": 22.51, "axis": "y", "origin": [8, 7, 8]},
			"faces": {
				"east": {"uv": [0, 0, 16, 16], "texture": "#cross"},
				"west": {"uv": [0, 0, 16, 16], "texture": "#cross"}
			}
		},
		{
			"from": [-8, -1, 8],
			"to": [24, 31, 8],
			"shade": false,
			"rotation": {"angle": 22.51, "axis": "y", "origin": [8, 7, 8]},
			"faces": {
				"north": {"uv": [0, 0, 16, 16], "texture": "#cross"},
				"south": {"uv": [0, 0, 16, 16], "texture": "#cross"}
			}
		}
	]
}