{
	"format_version": "1.21.6",
	"credit": "Green Guy",
	"textures": {
		"side": "block/moss/moss_carpet_overlay"
	},
	"elements": [
		{
			"from": [-0.01, -4, -0.01],
			"to": [0.99, -2, -0.01],
			"faces": {
				"north": {"uv": [15.00125, 5, 16, 7], "texture": "#side", "cullface": "north"},
				"south": {"uv": [16, 5, 15.00125, 7], "texture": "#side", "cullface": "north"}
			}
		},
		{
			"from": [0.99, -3, -0.01],
			"to": [1.99, -2, -0.01],
			"faces": {
				"north": {"uv": [14.0025, 5, 15.00125, 6], "texture": "#side", "cullface": "north"},
				"south": {"uv": [15.00125, 5, 14.0025, 6], "texture": "#side", "cullface": "north"}
			}
		},
		{
			"from": [3.99, -6, -0.01],
			"to": [4.99, -4, -0.01],
			"faces": {
				"north": {"uv": [11.00624, 7, 12.00499, 9], "texture": "#side", "cullface": "north"},
				"south": {"uv": [12.00499, 7, 11.00624, 9], "texture": "#side", "cullface": "north"}
			}
		},
		{
			"from": [4.99, -5, -0.01],
			"to": [5.99, -4, -0.01],
			"faces": {
				"north": {"uv": [10.00749, 7, 11.00624, 8], "texture": "#side", "cullface": "north"},
				"south": {"uv": [11.00624, 7, 10.00749, 8], "texture": "#side", "cullface": "north"}
			}
		},
		{
			"from": [5.99, -6, -0.01],
			"to": [6.99, -4, -0.01],
			"faces": {
				"north": {"uv": [9.00874, 7, 10.00749, 9], "texture": "#side", "cullface": "north"},
				"south": {"uv": [10.00749, 7, 9.00874, 9], "texture": "#side", "cullface": "north"}
			}
		},
		{
			"from": [7.99, -5, -0.01],
			"to": [8.99, -4, -0.01],
			"faces": {
				"north": {"uv": [7.01124, 7, 8.00999, 8], "texture": "#side", "cullface": "north"},
				"south": {"uv": [8.00999, 7, 7.01124, 8], "texture": "#side", "cullface": "north"}
			}
		},
		{
			"from": [2.99, -4, -0.01],
			"to": [8.99, -2, -0.01],
			"faces": {
				"north": {"uv": [7.01124, 5, 13.00375, 7], "texture": "#side", "cullface": "north"},
				"south": {"uv": [13.00375, 5, 7.01124, 7], "texture": "#side", "cullface": "north"}
			}
		},
		{
			"from": [10.99, -5, -0.01],
			"to": [11.99, -3, -0.01],
			"faces": {
				"north": {"uv": [4.01498, 6, 5.01373, 8], "texture": "#side", "cullface": "north"},
				"south": {"uv": [5.01373, 6, 4.01498, 8], "texture": "#side", "cullface": "north"}
			}
		},
		{
			"from": [9.99, -3, -0.01],
			"to": [12.99, -2, -0.01],
			"faces": {
				"north": {"uv": [3.01623, 5, 6.01248, 6], "texture": "#side", "cullface": "north"},
				"south": {"uv": [6.01248, 5, 3.01623, 6], "texture": "#side", "cullface": "north"}
			}
		},
		{
			"from": [14.99, -3, -0.01],
			"to": [16.01, -2, -0.01],
			"faces": {
				"north": {"uv": [0, 5, 1.01873, 6], "texture": "#side", "cullface": "north"},
				"south": {"uv": [1.01873, 5, 0, 6], "texture": "#side", "cullface": "north"}
			}
		},
		{
			"from": [-0.01, -2, -0.01],
			"to": [16.01, 1, -0.01],
			"faces": {
				"north": {"uv": [0, 2, 16, 5], "texture": "#side", "cullface": "north"},
				"south": {"uv": [16, 2, 0, 5], "texture": "#side", "cullface": "north"}
			}
		}
	]
}