{
	"format_version": "1.21.6",
	"credit": "Green Guy",
	"textures": {
		"0": "block/snow/snow_overlay_4",
		"particle": "block/snow/snow_overlay_4"
	},
	"elements": [
		{
			"from": [-0.01, -7, 15],
			"to": [-0.01, 0, 16.01],
			"rotation": {"angle": 0, "axis": "y", "origin": [-0.01, 0, 0]},
			"faces": {
				"east": {"uv": [16, 0, 15, 7], "texture": "#0", "cullface": "west"},
				"west": {"uv": [15, 0, 16, 7], "texture": "#0", "cullface": "west"}
			}
		},
		{
			"from": [-0.01, -7, 8],
			"to": [-0.01, 0, 15],
			"rotation": {"angle": 0, "axis": "y", "origin": [-0.01, 0, 0]},
			"faces": {
				"east": {"uv": [15, 0, 8, 7], "texture": "#0", "cullface": "west"},
				"west": {"uv": [8, 0, 15, 7], "texture": "#0", "cullface": "west"}
			}
		},
		{
			"from": [-0.01, -8, 10],
			"to": [-0.01, -7, 14],
			"rotation": {"angle": 0, "axis": "y", "origin": [-0.01, 0, 0]},
			"faces": {
				"east": {"uv": [14, 7, 10, 8], "texture": "#0", "cullface": "west"},
				"west": {"uv": [10, 7, 14, 8], "texture": "#0", "cullface": "west"}
			}
		},
		{
			"from": [-0.01, -6, 6],
			"to": [-0.01, 0, 8],
			"rotation": {"angle": 0, "axis": "y", "origin": [-0.01, 0, 0]},
			"faces": {
				"east": {"uv": [8, 0, 6, 6], "texture": "#0", "cullface": "west"},
				"west": {"uv": [6, 0, 8, 6], "texture": "#0", "cullface": "west"}
			}
		},
		{
			"from": [-0.01, -5, 5],
			"to": [-0.01, 0, 6],
			"rotation": {"angle": 0, "axis": "y", "origin": [-0.01, 0, 0]},
			"faces": {
				"east": {"uv": [6, 0, 5, 5], "texture": "#0", "cullface": "west"},
				"west": {"uv": [5, 0, 6, 5], "texture": "#0", "cullface": "west"}
			}
		},
		{
			"from": [-0.01, -6, 0],
			"to": [-0.01, 0, 5],
			"rotation": {"angle": 0, "axis": "y", "origin": [-0.01, 0, 0]},
			"faces": {
				"east": {"uv": [5, 0, 0, 6], "texture": "#0", "cullface": "west"},
				"west": {"uv": [0, 0, 5, 6], "texture": "#0", "cullface": "west"}
			}
		},
		{
			"from": [-0.01, -7, 4],
			"to": [-0.01, -6, 5],
			"rotation": {"angle": 0, "axis": "y", "origin": [-0.01, 0, 0]},
			"faces": {
				"east": {"uv": [5, 6, 4, 7], "texture": "#0", "cullface": "west"},
				"west": {"uv": [4, 6, 5, 7], "texture": "#0", "cullface": "west"}
			}
		},
		{
			"from": [-0.01, -7, 0],
			"to": [-0.01, -6, 3],
			"rotation": {"angle": 0, "axis": "y", "origin": [-0.01, 0, 0]},
			"faces": {
				"east": {"uv": [3, 6, 0, 7], "texture": "#0", "cullface": "west"},
				"west": {"uv": [0, 6, 3, 7], "texture": "#0", "cullface": "west"}
			}
		},
		{
			"from": [-0.01, -8, 0],
			"to": [-0.01, -7, 2],
			"rotation": {"angle": 0, "axis": "y", "origin": [-0.01, 0, 0]},
			"faces": {
				"east": {"uv": [2, 7, 0, 8], "texture": "#0", "cullface": "west"},
				"west": {"uv": [0, 7, 2, 8], "texture": "#0", "cullface": "west"}
			}
		},
		{
			"from": [15, -7, 16.01],
			"to": [16.01, 0, 16.01],
			"rotation": {"angle": 0, "axis": "y", "origin": [0, 0, 16.01]},
			"faces": {
				"north": {"uv": [16, 0, 15, 7], "texture": "#0", "cullface": "south"},
				"south": {"uv": [15, 0, 16, 7], "texture": "#0", "cullface": "south"}
			}
		},
		{
			"from": [8, -7, 16.01],
			"to": [15, 0, 16.01],
			"rotation": {"angle": 0, "axis": "y", "origin": [0, 0, 16.01]},
			"faces": {
				"north": {"uv": [15, 0, 8, 7], "texture": "#0", "cullface": "south"},
				"south": {"uv": [8, 0, 15, 7], "texture": "#0", "cullface": "south"}
			}
		},
		{
			"from": [10, -8, 16.01],
			"to": [14, -7, 16.01],
			"rotation": {"angle": 0, "axis": "y", "origin": [0, 0, 16.01]},
			"faces": {
				"north": {"uv": [14, 7, 10, 8], "texture": "#0", "cullface": "south"},
				"south": {"uv": [10, 7, 14, 8], "texture": "#0", "cullface": "south"}
			}
		},
		{
			"from": [6, -6, 16.01],
			"to": [8, 0, 16.01],
			"rotation": {"angle": 0, "axis": "y", "origin": [0, 0, 16.01]},
			"faces": {
				"north": {"uv": [8, 0, 6, 6], "texture": "#0", "cullface": "south"},
				"south": {"uv": [6, 0, 8, 6], "texture": "#0", "cullface": "south"}
			}
		},
		{
			"from": [5, -5, 16.01],
			"to": [6, 0, 16.01],
			"rotation": {"angle": 0, "axis": "y", "origin": [0, 0, 16.01]},
			"faces": {
				"north": {"uv": [6, 0, 5, 5], "texture": "#0", "cullface": "south"},
				"south": {"uv": [5, 0, 6, 5], "texture": "#0", "cullface": "south"}
			}
		},
		{
			"from": [0, -6, 16.01],
			"to": [5, 0, 16.01],
			"rotation": {"angle": 0, "axis": "y", "origin": [0, 0, 16.01]},
			"faces": {
				"north": {"uv": [5, 0, 0, 6], "texture": "#0", "cullface": "south"},
				"south": {"uv": [0, 0, 5, 6], "texture": "#0", "cullface": "south"}
			}
		},
		{
			"from": [4, -7, 16.01],
			"to": [5, -6, 16.01],
			"rotation": {"angle": 0, "axis": "y", "origin": [0, 0, 16.01]},
			"faces": {
				"north": {"uv": [5, 6, 4, 7], "texture": "#0", "cullface": "south"},
				"south": {"uv": [4, 6, 5, 7], "texture": "#0", "cullface": "south"}
			}
		},
		{
			"from": [0, -7, 16.01],
			"to": [3, -6, 16.01],
			"rotation": {"angle": 0, "axis": "y", "origin": [0, 0, 16.01]},
			"faces": {
				"north": {"uv": [3, 6, 0, 7], "texture": "#0", "cullface": "south"},
				"south": {"uv": [0, 6, 3, 7], "texture": "#0", "cullface": "south"}
			}
		},
		{
			"from": [0, -8, 16.01],
			"to": [2, -7, 16.01],
			"rotation": {"angle": 0, "axis": "y", "origin": [0, 0, 16.01]},
			"faces": {
				"north": {"uv": [2, 7, 0, 8], "texture": "#0", "cullface": "south"},
				"south": {"uv": [0, 7, 2, 8], "texture": "#0", "cullface": "south"}
			}
		},
		{
			"from": [16.01, -7, -0.01],
			"to": [16.01, 0, 1],
			"rotation": {"angle": 0, "axis": "y", "origin": [16.01, 0, 16]},
			"faces": {
				"east": {"uv": [15, 0, 16, 7], "texture": "#0", "cullface": "east"},
				"west": {"uv": [16, 0, 15, 7], "texture": "#0", "cullface": "east"}
			}
		},
		{
			"from": [16.01, -7, 1],
			"to": [16.01, 0, 8],
			"rotation": {"angle": 0, "axis": "y", "origin": [16.01, 0, 16]},
			"faces": {
				"east": {"uv": [8, 0, 15, 7], "texture": "#0", "cullface": "east"},
				"west": {"uv": [15, 0, 8, 7], "texture": "#0", "cullface": "east"}
			}
		},
		{
			"from": [16.01, -8, 2],
			"to": [16.01, -7, 6],
			"rotation": {"angle": 0, "axis": "y", "origin": [16.01, 0, 16]},
			"faces": {
				"east": {"uv": [10, 7, 14, 8], "texture": "#0", "cullface": "east"},
				"west": {"uv": [14, 7, 10, 8], "texture": "#0", "cullface": "east"}
			}
		},
		{
			"from": [16.01, -6, 8],
			"to": [16.01, 0, 10],
			"rotation": {"angle": 0, "axis": "y", "origin": [16.01, 0, 16]},
			"faces": {
				"east": {"uv": [6, 0, 8, 6], "texture": "#0", "cullface": "east"},
				"west": {"uv": [8, 0, 6, 6], "texture": "#0", "cullface": "east"}
			}
		},
		{
			"from": [16.01, -5, 10],
			"to": [16.01, 0, 11],
			"rotation": {"angle": 0, "axis": "y", "origin": [16.01, 0, 16]},
			"faces": {
				"east": {"uv": [5, 0, 6, 5], "texture": "#0", "cullface": "east"},
				"west": {"uv": [6, 0, 5, 5], "texture": "#0", "cullface": "east"}
			}
		},
		{
			"from": [16.01, -6, 11],
			"to": [16.01, 0, 16],
			"rotation": {"angle": 0, "axis": "y", "origin": [16.01, 0, 16]},
			"faces": {
				"east": {"uv": [0, 0, 5, 6], "texture": "#0", "cullface": "east"},
				"west": {"uv": [5, 0, 0, 6], "texture": "#0", "cullface": "east"}
			}
		},
		{
			"from": [16.01, -7, 11],
			"to": [16.01, -6, 12],
			"rotation": {"angle": 0, "axis": "y", "origin": [16.01, 0, 16]},
			"faces": {
				"east": {"uv": [4, 6, 5, 7], "texture": "#0", "cullface": "east"},
				"west": {"uv": [5, 6, 4, 7], "texture": "#0", "cullface": "east"}
			}
		},
		{
			"from": [16.01, -7, 13],
			"to": [16.01, -6, 16],
			"rotation": {"angle": 0, "axis": "y", "origin": [16.01, 0, 16]},
			"faces": {
				"east": {"uv": [0, 6, 3, 7], "texture": "#0", "cullface": "east"},
				"west": {"uv": [3, 6, 0, 7], "texture": "#0", "cullface": "east"}
			}
		},
		{
			"from": [16.01, -8, 14],
			"to": [16.01, -7, 16],
			"rotation": {"angle": 0, "axis": "y", "origin": [16.01, 0, 16]},
			"faces": {
				"east": {"uv": [0, 7, 2, 8], "texture": "#0", "cullface": "east"},
				"west": {"uv": [2, 7, 0, 8], "texture": "#0", "cullface": "east"}
			}
		},
		{
			"from": [-0.01, -7, -0.01],
			"to": [1, 0, -0.01],
			"rotation": {"angle": 0, "axis": "y", "origin": [16, 0, -0.01]},
			"faces": {
				"north": {"uv": [15, 0, 16, 7], "texture": "#0", "cullface": "north"},
				"south": {"uv": [16, 0, 15, 7], "texture": "#0", "cullface": "north"}
			}
		},
		{
			"from": [1, -7, -0.01],
			"to": [8, 0, -0.01],
			"rotation": {"angle": 0, "axis": "y", "origin": [16, 0, -0.01]},
			"faces": {
				"north": {"uv": [8, 0, 15, 7], "texture": "#0", "cullface": "north"},
				"south": {"uv": [15, 0, 8, 7], "texture": "#0", "cullface": "north"}
			}
		},
		{
			"from": [2, -8, -0.01],
			"to": [6, -7, -0.01],
			"rotation": {"angle": 0, "axis": "y", "origin": [16, 0, -0.01]},
			"faces": {
				"north": {"uv": [10, 7, 14, 8], "texture": "#0", "cullface": "north"},
				"south": {"uv": [14, 7, 10, 8], "texture": "#0", "cullface": "north"}
			}
		},
		{
			"from": [8, -6, -0.01],
			"to": [10, 0, -0.01],
			"rotation": {"angle": 0, "axis": "y", "origin": [16, 0, -0.01]},
			"faces": {
				"north": {"uv": [6, 0, 8, 6], "texture": "#0", "cullface": "north"},
				"south": {"uv": [8, 0, 6, 6], "texture": "#0", "cullface": "north"}
			}
		},
		{
			"from": [10, -5, -0.01],
			"to": [11, 0, -0.01],
			"rotation": {"angle": 0, "axis": "y", "origin": [16, 0, -0.01]},
			"faces": {
				"north": {"uv": [5, 0, 6, 5], "texture": "#0", "cullface": "north"},
				"south": {"uv": [6, 0, 5, 5], "texture": "#0", "cullface": "north"}
			}
		},
		{
			"from": [11, -6, -0.01],
			"to": [16, 0, -0.01],
			"rotation": {"angle": 0, "axis": "y", "origin": [16, 0, -0.01]},
			"faces": {
				"north": {"uv": [0, 0, 5, 6], "texture": "#0", "cullface": "north"},
				"south": {"uv": [5, 0, 0, 6], "texture": "#0", "cullface": "north"}
			}
		},
		{
			"from": [11, -7, -0.01],
			"to": [12, -6, -0.01],
			"rotation": {"angle": 0, "axis": "y", "origin": [16, 0, -0.01]},
			"faces": {
				"north": {"uv": [4, 6, 5, 7], "texture": "#0", "cullface": "north"},
				"south": {"uv": [5, 6, 4, 7], "texture": "#0", "cullface": "north"}
			}
		},
		{
			"from": [13, -7, -0.01],
			"to": [16, -6, -0.01],
			"rotation": {"angle": 0, "axis": "y", "origin": [16, 0, -0.01]},
			"faces": {
				"north": {"uv": [0, 6, 3, 7], "texture": "#0", "cullface": "north"},
				"south": {"uv": [3, 6, 0, 7], "texture": "#0", "cullface": "north"}
			}
		},
		{
			"from": [14, -8, -0.01],
			"to": [16, -7, -0.01],
			"rotation": {"angle": 0, "axis": "y", "origin": [16, 0, -0.01]},
			"faces": {
				"north": {"uv": [0, 7, 2, 8], "texture": "#0", "cullface": "north"},
				"south": {"uv": [2, 7, 0, 8], "texture": "#0", "cullface": "north"}
			}
		}
	],
	"display": {
		"thirdperson_righthand": {
			"rotation": [75, 45, 0],
			"translation": [0, 2.5, 2],
			"scale": [0.375, 0.375, 0.375]
		},
		"thirdperson_lefthand": {
			"rotation": [75, 45, 0],
			"translation": [0, 2.5, 0],
			"scale": [0.375, 0.375, 0.375]
		},
		"firstperson_righthand": {
			"rotation": [0, 45, 0],
			"translation": [0, 4.2, 0],
			"scale": [0.4, 0.4, 0.4]
		},
		"firstperson_lefthand": {
			"rotation": [0, -135, 0],
			"translation": [0, 4.2, 0],
			"scale": [0.4, 0.4, 0.4]
		},
		"ground": {
			"translation": [0, 3, 0],
			"scale": [0.25, 0.25, 0.25]
		},
		"gui": {
			"rotation": [30, -135, 0],
			"translation": [0, 6.25, 0],
			"scale": [0.625, 0.625, 0.625]
		},
		"head": {
			"translation": [0, 13.55, 0],
			"scale": [0.9, 0.9, 0.9]
		},
		"fixed": {
			"scale": [0.5, 0.5, 0.5]
		},
		"on_shelf": {
			"translation": [0, 8, 0]
		}
	},
	"groups": [
		{
			"name": "west",
			"origin": [0, 0, 0],
			"color": 0,
			"children": [0, 1, 2, 3, 4, 5, 6, 7, 8]
		},
		{
			"name": "south",
			"origin": [0, 0, 0],
			"color": 0,
			"children": [9, 10, 11, 12, 13, 14, 15, 16, 17]
		},
		{
			"name": "east",
			"origin": [0, 0, 0],
			"color": 0,
			"children": [18, 19, 20, 21, 22, 23, 24, 25, 26]
		},
		{
			"name": "north",
			"origin": [0, 0, 0],
			"color": 0,
			"children": [27, 28, 29, 30, 31, 32, 33, 34, 35]
		}
	]
}