{
  "variants": {
    "age=0": {
      "model": "minecraft:block/wheat_stage0"
    },
    "age=1": {
      "model": "minecraft:block/wheat_stage1"
    },
    "age=2": {
      "model": "minecraft:block/wheat_stage2"
    },
    "age=3": {
      "model": "minecraft:block/wheat_stage3"
    },
    "age=4": [
      {"model": "minecraft:block/crops/wheat/stage5/wheat_stage_5"},
      {"model": "minecraft:block/crops/wheat/stage5/wheat_stage_5_2"},
      {"model": "minecraft:block/crops/wheat/stage5/wheat_stage_5_3"},
      {"model": "minecraft:block/crops/wheat/stage5/wheat_stage_5_4"},
      {"model": "minecraft:block/crops/wheat/stage5/wheat_stage_5_5"},
      {"model": "minecraft:block/crops/wheat/stage5/wheat_stage_5_6"}
    ],
    "age=5": [
      {"model": "minecraft:block/crops/wheat/stage5/wheat_stage_5"},
      {"model": "minecraft:block/crops/wheat/stage5/wheat_stage_5_2"},
      {"model": "minecraft:block/crops/wheat/stage5/wheat_stage_5_3"},
      {"model": "minecraft:block/crops/wheat/stage5/wheat_stage_5_4"},
      {"model": "minecraft:block/crops/wheat/stage5/wheat_stage_5_5"},
      {"model": "minecraft:block/crops/wheat/stage5/wheat_stage_5_6"}
    ],
    "age=6": [
      {"model": "minecraft:block/crops/wheat/stage6/wheat_stage_6"},
      {"model": "minecraft:block/crops/wheat/stage6/wheat_stage_6_2"},
      {"model": "minecraft:block/crops/wheat/stage6/wheat_stage_6_3"},
      {"model": "minecraft:block/crops/wheat/stage6/wheat_stage_6_4"},
      {"model": "minecraft:block/crops/wheat/stage6/wheat_stage_6_5"},
      {"model": "minecraft:block/crops/wheat/stage6/wheat_stage_6_5"}
    ],
    "age=7": [
      {"model": "minecraft:block/crops/wheat/stage7/wheat_stage_7"},
      {"model": "minecraft:block/crops/wheat/stage7/wheat_stage_7_2"},
      {"model": "minecraft:block/crops/wheat/stage7/wheat_stage_7_3"},
      {"model": "minecraft:block/crops/wheat/stage7/wheat_stage_7_4"},
      {"model": "minecraft:block/crops/wheat/stage7/wheat_stage_7_5"},
      {"model": "minecraft:block/crops/wheat/stage7/wheat_stage_7_6"}
    ]
  }
}