{
  "variants": {
    "layers=1": [
      {"model": "minecraft:block/snow/layer1/snow_layer"},
      {"model": "minecraft:block/snow/layer1/snow_layer_2"},
      {"model": "minecraft:block/snow/layer1/snow_layer_3"},
      {"model": "minecraft:block/snow/layer1/snow_layer_4"},
      {"model": "minecraft:block/snow/layer1/snow_layer", "y": 90},
      {"model": "minecraft:block/snow/layer1/snow_layer_2", "y": 90},
      {"model": "minecraft:block/snow/layer1/snow_layer_3", "y": 90},
      {"model": "minecraft:block/snow/layer1/snow_layer_4", "y": 90},
      {"model": "minecraft:block/snow/layer1/snow_layer", "y": 180},
      {"model": "minecraft:block/snow/layer1/snow_layer_2", "y": 180},
      {"model": "minecraft:block/snow/layer1/snow_layer_3", "y": 180},
      {"model": "minecraft:block/snow/layer1/snow_layer_4", "y": 180},
      {"model": "minecraft:block/snow/layer1/snow_layer", "y": 270},
      {"model": "minecraft:block/snow/layer1/snow_layer_2", "y": 270},
      {"model": "minecraft:block/snow/layer1/snow_layer_3", "y": 270},
      {"model": "minecraft:block/snow/layer1/snow_layer_4", "y": 270}
    ],
    "layers=2": [
      {"model": "minecraft:block/snow/layer2/snow_layer"},
      {"model": "minecraft:block/snow/layer2/snow_layer_2"},
      {"model": "minecraft:block/snow/layer2/snow_layer_3"},
      {"model": "minecraft:block/snow/layer2/snow_layer_4"},
      {"model": "minecraft:block/snow/layer2/snow_layer", "y": 90},
      {"model": "minecraft:block/snow/layer2/snow_layer_2", "y": 90},
      {"model": "minecraft:block/snow/layer2/snow_layer_3", "y": 90},
      {"model": "minecraft:block/snow/layer2/snow_layer_4", "y": 90},
      {"model": "minecraft:block/snow/layer2/snow_layer", "y": 180},
      {"model": "minecraft:block/snow/layer2/snow_layer_2", "y": 180},
      {"model": "minecraft:block/snow/layer2/snow_layer_3", "y": 180},
      {"model": "minecraft:block/snow/layer2/snow_layer_4", "y": 180},
      {"model": "minecraft:block/snow/layer2/snow_layer", "y": 270},
      {"model": "minecraft:block/snow/layer2/snow_layer_2", "y": 270},
      {"model": "minecraft:block/snow/layer2/snow_layer_3", "y": 270},
      {"model": "minecraft:block/snow/layer2/snow_layer_4", "y": 270}
    ],
    "layers=3": [
      {"model": "minecraft:block/snow/layer3/snow_layer"},
      {"model": "minecraft:block/snow/layer3/snow_layer_2"},
      {"model": "minecraft:block/snow/layer3/snow_layer_3"},
      {"model": "minecraft:block/snow/layer3/snow_layer_4"},
      {"model": "minecraft:block/snow/layer3/snow_layer", "y": 90},
      {"model": "minecraft:block/snow/layer3/snow_layer_2", "y": 90},
      {"model": "minecraft:block/snow/layer3/snow_layer_3", "y": 90},
      {"model": "minecraft:block/snow/layer3/snow_layer_4", "y": 90},
      {"model": "minecraft:block/snow/layer3/snow_layer", "y": 180},
      {"model": "minecraft:block/snow/layer3/snow_layer_2", "y": 180},
      {"model": "minecraft:block/snow/layer3/snow_layer_3", "y": 180},
      {"model": "minecraft:block/snow/layer3/snow_layer_4", "y": 180},
      {"model": "minecraft:block/snow/layer3/snow_layer", "y": 270},
      {"model": "minecraft:block/snow/layer3/snow_layer_2", "y": 270},
      {"model": "minecraft:block/snow/layer3/snow_layer_3", "y": 270},
      {"model": "minecraft:block/snow/layer3/snow_layer_4", "y": 270}
    ],
    "layers=4": [
      {"model": "minecraft:block/snow/layer4/snow_layer"},
      {"model": "minecraft:block/snow/layer4/snow_layer_2"},
      {"model": "minecraft:block/snow/layer4/snow_layer_3"},
      {"model": "minecraft:block/snow/layer4/snow_layer_4"},
      {"model": "minecraft:block/snow/layer4/snow_layer", "y": 90},
      {"model": "minecraft:block/snow/layer4/snow_layer_2", "y": 90},
      {"model": "minecraft:block/snow/layer4/snow_layer_3", "y": 90},
      {"model": "minecraft:block/snow/layer4/snow_layer_4", "y": 90},
      {"model": "minecraft:block/snow/layer4/snow_layer", "y": 180},
      {"model": "minecraft:block/snow/layer4/snow_layer_2", "y": 180},
      {"model": "minecraft:block/snow/layer4/snow_layer_3", "y": 180},
      {"model": "minecraft:block/snow/layer4/snow_layer_4", "y": 180},
      {"model": "minecraft:block/snow/layer4/snow_layer", "y": 270},
      {"model": "minecraft:block/snow/layer4/snow_layer_2", "y": 270},
      {"model": "minecraft:block/snow/layer4/snow_layer_3", "y": 270},
      {"model": "minecraft:block/snow/layer4/snow_layer_4", "y": 270}
    ],
    "layers=5": [
      {"model": "minecraft:block/snow/layer5/snow_layer"},
      {"model": "minecraft:block/snow/layer5/snow_layer_2"},
      {"model": "minecraft:block/snow/layer5/snow_layer_3"},
      {"model": "minecraft:block/snow/layer5/snow_layer_4"},
      {"model": "minecraft:block/snow/layer5/snow_layer", "y": 90},
      {"model": "minecraft:block/snow/layer5/snow_layer_2", "y": 90},
      {"model": "minecraft:block/snow/layer5/snow_layer_3", "y": 90},
      {"model": "minecraft:block/snow/layer5/snow_layer_4", "y": 90},
      {"model": "minecraft:block/snow/layer5/snow_layer", "y": 180},
      {"model": "minecraft:block/snow/layer5/snow_layer_2", "y": 180},
      {"model": "minecraft:block/snow/layer5/snow_layer_3", "y": 180},
      {"model": "minecraft:block/snow/layer5/snow_layer_4", "y": 180},
      {"model": "minecraft:block/snow/layer5/snow_layer", "y": 270},
      {"model": "minecraft:block/snow/layer5/snow_layer_2", "y": 270},
      {"model": "minecraft:block/snow/layer5/snow_layer_3", "y": 270},
      {"model": "minecraft:block/snow/layer5/snow_layer_4", "y": 270}
    ],
    "layers=6": [
      {"model": "minecraft:block/snow/layer6/snow_layer"},
      {"model": "minecraft:block/snow/layer6/snow_layer_2"},
      {"model": "minecraft:block/snow/layer6/snow_layer_3"},
      {"model": "minecraft:block/snow/layer6/snow_layer_4"},
      {"model": "minecraft:block/snow/layer6/snow_layer", "y": 90},
      {"model": "minecraft:block/snow/layer6/snow_layer_2", "y": 90},
      {"model": "minecraft:block/snow/layer6/snow_layer_3", "y": 90},
      {"model": "minecraft:block/snow/layer6/snow_layer_4", "y": 90},
      {"model": "minecraft:block/snow/layer6/snow_layer", "y": 180},
      {"model": "minecraft:block/snow/layer6/snow_layer_2", "y": 180},
      {"model": "minecraft:block/snow/layer6/snow_layer_3", "y": 180},
      {"model": "minecraft:block/snow/layer6/snow_layer_4", "y": 180},
      {"model": "minecraft:block/snow/layer6/snow_layer", "y": 270},
      {"model": "minecraft:block/snow/layer6/snow_layer_2", "y": 270},
      {"model": "minecraft:block/snow/layer6/snow_layer_3", "y": 270},
      {"model": "minecraft:block/snow/layer6/snow_layer_4", "y": 270}
    ],
    "layers=7": [
      {"model": "minecraft:block/snow/layer7/snow_layer"},
      {"model": "minecraft:block/snow/layer7/snow_layer_2"},
      {"model": "minecraft:block/snow/layer7/snow_layer_3"},
      {"model": "minecraft:block/snow/layer7/snow_layer_4"},
      {"model": "minecraft:block/snow/layer7/snow_layer", "y": 90},
      {"model": "minecraft:block/snow/layer7/snow_layer_2", "y": 90},
      {"model": "minecraft:block/snow/layer7/snow_layer_3", "y": 90},
      {"model": "minecraft:block/snow/layer7/snow_layer_4", "y": 90},
      {"model": "minecraft:block/snow/layer7/snow_layer", "y": 180},
      {"model": "minecraft:block/snow/layer7/snow_layer_2", "y": 180},
      {"model": "minecraft:block/snow/layer7/snow_layer_3", "y": 180},
      {"model": "minecraft:block/snow/layer7/snow_layer_4", "y": 180},
      {"model": "minecraft:block/snow/layer7/snow_layer", "y": 270},
      {"model": "minecraft:block/snow/layer7/snow_layer_2", "y": 270},
      {"model": "minecraft:block/snow/layer7/snow_layer_3", "y": 270},
      {"model": "minecraft:block/snow/layer7/snow_layer_4", "y": 270}
    ],
    "layers=8": [
      {"model": "minecraft:block/snow/layer8/snow_layer"},
      {"model": "minecraft:block/snow/layer8/snow_layer_2"},
      {"model": "minecraft:block/snow/layer8/snow_layer_3"},
      {"model": "minecraft:block/snow/layer8/snow_layer_4"},
      {"model": "minecraft:block/snow/layer8/snow_layer", "y": 90},
      {"model": "minecraft:block/snow/layer8/snow_layer_2", "y": 90},
      {"model": "minecraft:block/snow/layer8/snow_layer_3", "y": 90},
      {"model": "minecraft:block/snow/layer8/snow_layer_4", "y": 90},
      {"model": "minecraft:block/snow/layer8/snow_layer", "y": 180},
      {"model": "minecraft:block/snow/layer8/snow_layer_2", "y": 180},
      {"model": "minecraft:block/snow/layer8/snow_layer_3", "y": 180},
      {"model": "minecraft:block/snow/layer8/snow_layer_4", "y": 180},
      {"model": "minecraft:block/snow/layer8/snow_layer", "y": 270},
      {"model": "minecraft:block/snow/layer8/snow_layer_2", "y": 270},
      {"model": "minecraft:block/snow/layer8/snow_layer_3", "y": 270},
      {"model": "minecraft:block/snow/layer8/snow_layer_4", "y": 270}
    ]
  }
}