{
  "model": {
    "type": "minecraft:range_dispatch",
    "property": "minecraft:count",
    "scale": 64,
    "entries": [
      {
        "threshold": 0,
        "model": {
          "type": "minecraft:select",
          "property": "minecraft:display_context",
          "cases": [
            {
              "when": [
                "firstperson_righthand",
                "firstperson_lefthand",
                "thirdperson_righthand",
                "thirdperson_lefthand",
                "head",
                "on_shelf"
              ],
              "model": {
                "type": "minecraft:model",
                "model": "minecraft:item/sunflower/sunflower_item_model"
              }
            }
          ],
          "fallback": {
            "type": "minecraft:model",
            "model": "minecraft:item/sunflower/sunflower_item_icon"
          }
        }
      },
      {
        "threshold": 16,
        "model": {
          "type": "minecraft:select",
          "property": "minecraft:display_context",
          "cases": [
            {
              "when": [
                "firstperson_righthand",
                "firstperson_lefthand",
                "thirdperson_righthand",
                "thirdperson_lefthand",
                "head",
                "on_shelf"
              ],
              "model": {
                "type": "minecraft:model",
                "model": "minecraft:item/sunflower/sunflower_bouquet_model"
              }
            }
          ],
          "fallback": {
            "type": "minecraft:model",
            "model": "minecraft:item/sunflower/sunflower_bouquet_icon"
          }
        }
      }
    ],
    "fallback": {
      "type": "minecraft:model",
      "model": "minecraft:item/sunflower/sunflower_item_icon"
    }
  }
}