{
	"format_version": "1.21.6",
	"credit": "Green Guy",
	"textures": {
		"particle": "#cross"
	},
	"elements": [
		{
			"from": [0.8, 0, 4],
			"to": [15.2, 16, 4],
			"shade": false,
			"rotation": {"angle": 44.9, "axis": "y", "origin": [8, 8, 4], "rescale": true},
			"faces": {
				"north": {"uv": [0, 0, 16, 16], "texture": "#cross"},
				"south": {"uv": [16, 0, 0, 16], "texture": "#cross"}
			}
		},
		{
			"from": [8, 0, -3.2],
			"to": [8, 16, 11.2],
			"shade": false,
			"rotation": {"angle": 44.9, "axis": "y", "origin": [8, 8, 4], "rescale": true},
			"faces": {
				"east": {"uv": [0, 0, 16, 16], "texture": "#cross"},
				"west": {"uv": [16, 0, 0, 16], "texture": "#cross"}
			}
		}
	]
}