{
	"format_version": "1.21.6",
	"credit": "Green Guy",
	"parent": "block/thin_block",
	"textures": {
		"particle": "block/moss/moss_block",
		"top": "block/moss/moss_block",
		"bottom": "block/moss/moss_carpet_underside",
		"side": "block/moss/moss_carpet_overlay"
	},
	"elements": [
		{
			"from": [0, -0.01, 0],
			"to": [16, 1, 16],
			"faces": {
				"north": {"uv": [16, 0, 0, 1], "texture": "#top", "cullface": "north"},
				"east": {"uv": [15, 0, 16, 16], "rotation": 90, "texture": "#top", "cullface": "east"},
				"south": {"uv": [0, 15, 16, 16], "texture": "#top", "cullface": "south"},
				"west": {"uv": [1, 16, 0, 0], "rotation": 90, "texture": "#top", "cullface": "east"},
				"up": {"uv": [0, 0, 16, 16], "texture": "#top"},
				"down": {"uv": [0, 0, 16, 16], "texture": "#bottom", "cullface": "down"}
			}
		},
		{
			"from": [0, -6, -0.01],
			"to": [1, -4, -0.01],
			"rotation": {"angle": 0, "axis": "x", "origin": [8, 0, -0.01]},
			"faces": {
				"north": {"uv": [15, 4, 16, 6], "texture": "#side", "cullface": "north"},
				"south": {"uv": [16, 4, 15, 6], "texture": "#side", "cullface": "north"}
			}
		},
		{
			"from": [1, -5, -0.01],
			"to": [2, -4, -0.01],
			"rotation": {"angle": 0, "axis": "x", "origin": [8, 0, -0.01]},
			"faces": {
				"north": {"uv": [14, 4, 15, 5], "texture": "#side", "cullface": "north"},
				"south": {"uv": [15, 4, 14, 5], "texture": "#side", "cullface": "north"}
			}
		},
		{
			"from": [4, -8, -0.01],
			"to": [5, -6, -0.01],
			"rotation": {"angle": 0, "axis": "x", "origin": [8, 0, -0.01]},
			"faces": {
				"north": {"uv": [11, 6, 12, 8], "texture": "#side", "cullface": "north"},
				"south": {"uv": [12, 6, 11, 8], "texture": "#side", "cullface": "north"}
			}
		},
		{
			"from": [5, -7, -0.01],
			"to": [6, -6, -0.01],
			"rotation": {"angle": 0, "axis": "x", "origin": [8, 0, -0.01]},
			"faces": {
				"north": {"uv": [10, 6, 11, 7], "texture": "#side", "cullface": "north"},
				"south": {"uv": [11, 6, 10, 7], "texture": "#side", "cullface": "north"}
			}
		},
		{
			"from": [6, -8, -0.01],
			"to": [7, -6, -0.01],
			"rotation": {"angle": 0, "axis": "x", "origin": [8, 0, -0.01]},
			"faces": {
				"north": {"uv": [9, 6, 10, 8], "texture": "#side", "cullface": "north"},
				"south": {"uv": [10, 6, 9, 8], "texture": "#side", "cullface": "north"}
			}
		},
		{
			"from": [8, -7, -0.01],
			"to": [9, -6, -0.01],
			"rotation": {"angle": 0, "axis": "x", "origin": [8, 0, -0.01]},
			"faces": {
				"north": {"uv": [7, 6, 8, 7], "texture": "#side", "cullface": "north"},
				"south": {"uv": [8, 6, 7, 7], "texture": "#side", "cullface": "north"}
			}
		},
		{
			"from": [3, -6, -0.01],
			"to": [9, -4, -0.01],
			"rotation": {"angle": 0, "axis": "x", "origin": [8, 0, -0.01]},
			"faces": {
				"north": {"uv": [7, 4, 13, 6], "texture": "#side", "cullface": "north"},
				"south": {"uv": [13, 4, 7, 6], "texture": "#side", "cullface": "north"}
			}
		},
		{
			"from": [11, -7, -0.01],
			"to": [12, -5, -0.01],
			"rotation": {"angle": 0, "axis": "x", "origin": [8, 0, -0.01]},
			"faces": {
				"north": {"uv": [4, 5, 5, 7], "texture": "#side", "cullface": "north"},
				"south": {"uv": [5, 5, 4, 7], "texture": "#side", "cullface": "north"}
			}
		},
		{
			"from": [10, -5, -0.01],
			"to": [13, -4, -0.01],
			"rotation": {"angle": 0, "axis": "x", "origin": [8, 0, -0.01]},
			"faces": {
				"north": {"uv": [3, 4, 6, 5], "texture": "#side", "cullface": "north"},
				"south": {"uv": [6, 4, 3, 5], "texture": "#side", "cullface": "north"}
			}
		},
		{
			"from": [15, -5, -0.01],
			"to": [16, -4, -0.01],
			"rotation": {"angle": 0, "axis": "x", "origin": [8, 0, -0.01]},
			"faces": {
				"north": {"uv": [0, 4, 1, 5], "texture": "#side", "cullface": "north"},
				"south": {"uv": [1, 4, 0, 5], "texture": "#side", "cullface": "north"}
			}
		},
		{
			"from": [0, -4, -0.01],
			"to": [16, 0, -0.01],
			"rotation": {"angle": 0, "axis": "x", "origin": [8, 0, -0.01]},
			"faces": {
				"north": {"uv": [0, 0, 16, 4], "texture": "#side", "cullface": "north"},
				"south": {"uv": [0, 0, 16, 4], "texture": "#side", "cullface": "north"}
			}
		},
		{
			"from": [-0.01, -6, 15],
			"to": [-0.01, -4, 16],
			"rotation": {"angle": 0, "axis": "z", "origin": [-0.01, -2, 16]},
			"faces": {
				"east": {"uv": [16, 4, 15, 6], "texture": "#side", "cullface": "east"},
				"west": {"uv": [15, 4, 16, 6], "texture": "#side", "cullface": "east"}
			}
		},
		{
			"from": [-0.01, -5, 14],
			"to": [-0.01, -4, 15],
			"rotation": {"angle": 0, "axis": "z", "origin": [-0.01, -2, 16]},
			"faces": {
				"east": {"uv": [15, 4, 14, 5], "texture": "#side", "cullface": "east"},
				"west": {"uv": [14, 4, 15, 5], "texture": "#side", "cullface": "east"}
			}
		},
		{
			"from": [-0.01, -8, 11],
			"to": [-0.01, -6, 12],
			"rotation": {"angle": 0, "axis": "z", "origin": [-0.01, -2, 16]},
			"faces": {
				"east": {"uv": [12, 6, 11, 8], "texture": "#side", "cullface": "east"},
				"west": {"uv": [11, 6, 12, 8], "texture": "#side", "cullface": "east"}
			}
		},
		{
			"from": [-0.01, -7, 10],
			"to": [-0.01, -6, 11],
			"rotation": {"angle": 0, "axis": "z", "origin": [-0.01, -2, 16]},
			"faces": {
				"east": {"uv": [11, 6, 10, 7], "texture": "#side", "cullface": "east"},
				"west": {"uv": [10, 6, 11, 7], "texture": "#side", "cullface": "east"}
			}
		},
		{
			"from": [-0.01, -8, 9],
			"to": [-0.01, -6, 10],
			"rotation": {"angle": 0, "axis": "z", "origin": [-0.01, -2, 16]},
			"faces": {
				"east": {"uv": [10, 6, 9, 8], "texture": "#side", "cullface": "east"},
				"west": {"uv": [9, 6, 10, 8], "texture": "#side", "cullface": "east"}
			}
		},
		{
			"from": [-0.01, -7, 7],
			"to": [-0.01, -6, 8],
			"rotation": {"angle": 0, "axis": "z", "origin": [-0.01, -2, 16]},
			"faces": {
				"east": {"uv": [8, 6, 7, 7], "texture": "#side", "cullface": "east"},
				"west": {"uv": [7, 6, 8, 7], "texture": "#side", "cullface": "east"}
			}
		},
		{
			"from": [-0.01, -6, 7],
			"to": [-0.01, -4, 13],
			"rotation": {"angle": 0, "axis": "z", "origin": [-0.01, -2, 16]},
			"faces": {
				"east": {"uv": [13, 4, 7, 6], "texture": "#side", "cullface": "east"},
				"west": {"uv": [7, 4, 13, 6], "texture": "#side", "cullface": "east"}
			}
		},
		{
			"from": [-0.01, -7, 4],
			"to": [-0.01, -5, 5],
			"rotation": {"angle": 0, "axis": "z", "origin": [-0.01, -2, 16]},
			"faces": {
				"east": {"uv": [5, 5, 4, 7], "texture": "#side", "cullface": "east"},
				"west": {"uv": [4, 5, 5, 7], "texture": "#side", "cullface": "east"}
			}
		},
		{
			"from": [-0.01, -5, 3],
			"to": [-0.01, -4, 6],
			"rotation": {"angle": 0, "axis": "z", "origin": [-0.01, -2, 16]},
			"faces": {
				"east": {"uv": [6, 4, 3, 5], "texture": "#side", "cullface": "east"},
				"west": {"uv": [3, 4, 6, 5], "texture": "#side", "cullface": "east"}
			}
		},
		{
			"from": [-0.01, -5, 0],
			"to": [-0.01, -4, 1],
			"rotation": {"angle": 0, "axis": "z", "origin": [-0.01, -2, 16]},
			"faces": {
				"east": {"uv": [1, 4, 0, 5], "texture": "#side", "cullface": "east"},
				"west": {"uv": [0, 4, 1, 5], "texture": "#side", "cullface": "east"}
			}
		},
		{
			"from": [-0.01, -4, 0],
			"to": [-0.01, 0, 16],
			"rotation": {"angle": 0, "axis": "z", "origin": [-0.01, -2, 16]},
			"faces": {
				"east": {"uv": [0, 0, 16, 4], "texture": "#side", "cullface": "east"},
				"west": {"uv": [0, 0, 16, 4], "texture": "#side", "cullface": "east"}
			}
		},
		{
			"from": [16.01, -6, 15],
			"to": [16.01, -4, 16],
			"rotation": {"angle": 0, "axis": "z", "origin": [16.01, 0, 8]},
			"faces": {
				"east": {"uv": [16, 4, 15, 6], "texture": "#side", "cullface": "west"},
				"west": {"uv": [15, 4, 16, 6], "texture": "#side", "cullface": "west"}
			}
		},
		{
			"from": [16.01, -5, 14],
			"to": [16.01, -4, 15],
			"rotation": {"angle": 0, "axis": "z", "origin": [16.01, 0, 8]},
			"faces": {
				"east": {"uv": [15, 4, 14, 5], "texture": "#side", "cullface": "west"},
				"west": {"uv": [14, 4, 15, 5], "texture": "#side", "cullface": "west"}
			}
		},
		{
			"from": [16.01, -8, 11],
			"to": [16.01, -6, 12],
			"rotation": {"angle": 0, "axis": "z", "origin": [16.01, 0, 8]},
			"faces": {
				"east": {"uv": [12, 6, 11, 8], "texture": "#side", "cullface": "west"},
				"west": {"uv": [11, 6, 12, 8], "texture": "#side", "cullface": "west"}
			}
		},
		{
			"from": [16.01, -7, 10],
			"to": [16.01, -6, 11],
			"rotation": {"angle": 0, "axis": "z", "origin": [16.01, 0, 8]},
			"faces": {
				"east": {"uv": [11, 6, 10, 7], "texture": "#side", "cullface": "west"},
				"west": {"uv": [10, 6, 11, 7], "texture": "#side", "cullface": "west"}
			}
		},
		{
			"from": [16.01, -8, 9],
			"to": [16.01, -6, 10],
			"rotation": {"angle": 0, "axis": "z", "origin": [16.01, 0, 8]},
			"faces": {
				"east": {"uv": [10, 6, 9, 8], "texture": "#side", "cullface": "west"},
				"west": {"uv": [9, 6, 10, 8], "texture": "#side", "cullface": "west"}
			}
		},
		{
			"from": [16.01, -7, 7],
			"to": [16.01, -6, 8],
			"rotation": {"angle": 0, "axis": "z", "origin": [16.01, 0, 8]},
			"faces": {
				"east": {"uv": [8, 6, 7, 7], "texture": "#side", "cullface": "west"},
				"west": {"uv": [7, 6, 8, 7], "texture": "#side", "cullface": "west"}
			}
		},
		{
			"from": [16.01, -6, 7],
			"to": [16.01, -4, 13],
			"rotation": {"angle": 0, "axis": "z", "origin": [16.01, 0, 8]},
			"faces": {
				"east": {"uv": [13, 4, 7, 6], "texture": "#side", "cullface": "west"},
				"west": {"uv": [7, 4, 13, 6], "texture": "#side", "cullface": "west"}
			}
		},
		{
			"from": [16.01, -7, 4],
			"to": [16.01, -5, 5],
			"rotation": {"angle": 0, "axis": "z", "origin": [16.01, 0, 8]},
			"faces": {
				"east": {"uv": [5, 5, 4, 7], "texture": "#side", "cullface": "west"},
				"west": {"uv": [4, 5, 5, 7], "texture": "#side", "cullface": "west"}
			}
		},
		{
			"from": [16.01, -5, 3],
			"to": [16.01, -4, 6],
			"rotation": {"angle": 0, "axis": "z", "origin": [16.01, 0, 8]},
			"faces": {
				"east": {"uv": [6, 4, 3, 5], "texture": "#side", "cullface": "west"},
				"west": {"uv": [3, 4, 6, 5], "texture": "#side", "cullface": "west"}
			}
		},
		{
			"from": [16.01, -5, 0],
			"to": [16.01, -4, 1],
			"rotation": {"angle": 0, "axis": "z", "origin": [16.01, 0, 8]},
			"faces": {
				"east": {"uv": [1, 4, 0, 5], "texture": "#side", "cullface": "west"},
				"west": {"uv": [0, 4, 1, 5], "texture": "#side", "cullface": "west"}
			}
		},
		{
			"from": [16.01, -4, 0],
			"to": [16.01, 0, 16],
			"rotation": {"angle": 0, "axis": "z", "origin": [16.01, 0, 8]},
			"faces": {
				"east": {"uv": [0, 0, 16, 4], "texture": "#side", "cullface": "west"},
				"west": {"uv": [0, 0, 16, 4], "texture": "#side", "cullface": "west"}
			}
		},
		{
			"from": [0, -6, 16.01],
			"to": [1, -4, 16.01],
			"rotation": {"angle": 0, "axis": "x", "origin": [8, 0, 16.01]},
			"faces": {
				"north": {"uv": [15, 4, 16, 6], "texture": "#side", "cullface": "south"},
				"south": {"uv": [16, 4, 15, 6], "texture": "#side", "cullface": "south"}
			}
		},
		{
			"from": [1, -5, 16.01],
			"to": [2, -4, 16.01],
			"rotation": {"angle": 0, "axis": "x", "origin": [8, 0, 16.01]},
			"faces": {
				"north": {"uv": [14, 4, 15, 5], "texture": "#side", "cullface": "south"},
				"south": {"uv": [15, 4, 14, 5], "texture": "#side", "cullface": "south"}
			}
		},
		{
			"from": [4, -8, 16.01],
			"to": [5, -6, 16.01],
			"rotation": {"angle": 0, "axis": "x", "origin": [8, 0, 16.01]},
			"faces": {
				"north": {"uv": [11, 6, 12, 8], "texture": "#side", "cullface": "south"},
				"south": {"uv": [12, 6, 11, 8], "texture": "#side", "cullface": "south"}
			}
		},
		{
			"from": [5, -7, 16.01],
			"to": [6, -6, 16.01],
			"rotation": {"angle": 0, "axis": "x", "origin": [8, 0, 16.01]},
			"faces": {
				"north": {"uv": [10, 6, 11, 7], "texture": "#side", "cullface": "south"},
				"south": {"uv": [11, 6, 10, 7], "texture": "#side", "cullface": "south"}
			}
		},
		{
			"from": [6, -8, 16.01],
			"to": [7, -6, 16.01],
			"rotation": {"angle": 0, "axis": "x", "origin": [8, 0, 16.01]},
			"faces": {
				"north": {"uv": [9, 6, 10, 8], "texture": "#side", "cullface": "south"},
				"south": {"uv": [10, 6, 9, 8], "texture": "#side", "cullface": "south"}
			}
		},
		{
			"from": [8, -7, 16.01],
			"to": [9, -6, 16.01],
			"rotation": {"angle": 0, "axis": "x", "origin": [8, 0, 16.01]},
			"faces": {
				"north": {"uv": [7, 6, 8, 7], "texture": "#side", "cullface": "south"},
				"south": {"uv": [8, 6, 7, 7], "texture": "#side", "cullface": "south"}
			}
		},
		{
			"from": [3, -6, 16.01],
			"to": [9, -4, 16.01],
			"rotation": {"angle": 0, "axis": "x", "origin": [8, 0, 16.01]},
			"faces": {
				"north": {"uv": [7, 4, 13, 6], "texture": "#side", "cullface": "south"},
				"south": {"uv": [13, 4, 7, 6], "texture": "#side", "cullface": "south"}
			}
		},
		{
			"from": [11, -7, 16.01],
			"to": [12, -5, 16.01],
			"rotation": {"angle": 0, "axis": "x", "origin": [8, 0, 16.01]},
			"faces": {
				"north": {"uv": [4, 5, 5, 7], "texture": "#side", "cullface": "south"},
				"south": {"uv": [5, 5, 4, 7], "texture": "#side", "cullface": "south"}
			}
		},
		{
			"from": [10, -5, 16.01],
			"to": [13, -4, 16.01],
			"rotation": {"angle": 0, "axis": "x", "origin": [8, 0, 16.01]},
			"faces": {
				"north": {"uv": [3, 4, 6, 5], "texture": "#side", "cullface": "south"},
				"south": {"uv": [6, 4, 3, 5], "texture": "#side", "cullface": "south"}
			}
		},
		{
			"from": [15, -5, 16.01],
			"to": [16, -4, 16.01],
			"rotation": {"angle": 0, "axis": "x", "origin": [8, 0, 16.01]},
			"faces": {
				"north": {"uv": [0, 4, 1, 5], "texture": "#side", "cullface": "south"},
				"south": {"uv": [1, 4, 0, 5], "texture": "#side", "cullface": "south"}
			}
		},
		{
			"from": [0, -4, 16.01],
			"to": [16, 0, 16.01],
			"rotation": {"angle": 0, "axis": "x", "origin": [8, 0, 16.01]},
			"faces": {
				"north": {"uv": [0, 0, 16, 4], "texture": "#side", "cullface": "south"},
				"south": {"uv": [0, 0, 16, 4], "texture": "#side", "cullface": "south"}
			}
		}
	],
	"groups": [
		0,
		{
			"name": "north",
			"origin": [8, 8, 8],
			"color": 0,
			"children": [1, 2, 3, 4, 5, 6, 7, 8, 9, 10, 11]
		},
		{
			"name": "east",
			"origin": [8, 8, 8],
			"color": 0,
			"children": [12, 13, 14, 15, 16, 17, 18, 19, 20, 21, 22]
		},
		{
			"name": "west",
			"origin": [8, 8, 8],
			"color": 0,
			"children": [23, 24, 25, 26, 27, 28, 29, 30, 31, 32, 33]
		},
		{
			"name": "south",
			"origin": [8, 8, 8],
			"color": 0,
			"children": [34, 35, 36, 37, 38, 39, 40, 41, 42, 43, 44]
		}
	]
}