{
  "variants": {
    "facing=east": [
      {"model": "minecraft:block/pumpkin/carved_pumpkin", "y": 90},
      {"model": "minecraft:block/pumpkin/carved_pumpkin_2", "y": 90},
      {"model": "minecraft:block/pumpkin/carved_pumpkin_3", "y": 90},
      {"model": "minecraft:block/pumpkin/carved_pumpkin_4", "y": 90}
    ],
    "facing=north": [
      {"model": "minecraft:block/pumpkin/carved_pumpkin"},
      {"model": "minecraft:block/pumpkin/carved_pumpkin_2"},
      {"model": "minecraft:block/pumpkin/carved_pumpkin_3"},
      {"model": "minecraft:block/pumpkin/carved_pumpkin_4"}
    ],
    "facing=south": [
      {"model": "minecraft:block/pumpkin/carved_pumpkin", "y": 180},
      {"model": "minecraft:block/pumpkin/carved_pumpkin_2", "y": 180},
      {"model": "minecraft:block/pumpkin/carved_pumpkin_3", "y": 180},
      {"model": "minecraft:block/pumpkin/carved_pumpkin_4", "y": 180}
    ],
    "facing=west": [
      {"model": "minecraft:block/pumpkin/carved_pumpkin", "y": 270},
      {"model": "minecraft:block/pumpkin/carved_pumpkin_2", "y": 270},
      {"model": "minecraft:block/pumpkin/carved_pumpkin_3", "y": 270},
      {"model": "minecraft:block/pumpkin/carved_pumpkin_4", "y": 27 0}
    ],
  }
}