{
	"format_version": "1.21.6",
	"credit": "Green Guy",
	"textures": {
		"0": "block/snow/snow_overlay",
		"particle": "block/snow/snow_overlay"
	},
	"elements": [
		{
			"from": [13.99, -7, -0.01],
			"to": [14.99, -6, -0.01],
			"rotation": {"angle": 0, "axis": "y", "origin": [-0.01, 0, -0.01]},
			"faces": {
				"north": {"uv": [1, 7, 2, 8], "texture": "#0", "cullface": "north"},
				"south": {"uv": [2, 7, 1, 8], "texture": "#0", "cullface": "north"}
			}
		},
		{
			"from": [14.99, -6, -0.01],
			"to": [16.01, 1, -0.01],
			"rotation": {"angle": 0, "axis": "y", "origin": [-0.01, 0, -0.01]},
			"faces": {
				"north": {"uv": [0, 0, 1, 7], "texture": "#0", "cullface": "north"},
				"south": {"uv": [1, 0, 0, 7], "texture": "#0", "cullface": "north"}
			}
		},
		{
			"from": [-0.01, -6, -0.01],
			"to": [2.99, -4, -0.01],
			"rotation": {"angle": 0, "axis": "y", "origin": [-0.01, 0, -0.01]},
			"faces": {
				"north": {"uv": [13, 5, 16, 7], "texture": "#0", "cullface": "north"},
				"south": {"uv": [16, 5, 13, 7], "texture": "#0", "cullface": "north"}
			}
		},
		{
			"from": [2.99, -5, -0.01],
			"to": [4.99, -4, -0.01],
			"rotation": {"angle": 0, "axis": "y", "origin": [-0.01, 0, -0.01]},
			"faces": {
				"north": {"uv": [11, 5, 13, 6], "texture": "#0", "cullface": "north"},
				"south": {"uv": [13, 5, 11, 6], "texture": "#0", "cullface": "north"}
			}
		},
		{
			"from": [7.99, -5, -0.01],
			"to": [8.99, -4, -0.01],
			"rotation": {"angle": 0, "axis": "y", "origin": [-0.01, 0, -0.01]},
			"faces": {
				"north": {"uv": [7, 5, 8, 6], "texture": "#0", "cullface": "north"},
				"south": {"uv": [8, 5, 7, 6], "texture": "#0", "cullface": "north"}
			}
		},
		{
			"from": [10.99, -5, -0.01],
			"to": [12.99, -4, -0.01],
			"rotation": {"angle": 0, "axis": "y", "origin": [-0.01, 0, -0.01]},
			"faces": {
				"north": {"uv": [3, 5, 5, 6], "texture": "#0", "cullface": "north"},
				"south": {"uv": [5, 5, 3, 6], "texture": "#0", "cullface": "north"}
			}
		},
		{
			"from": [12.99, -6, -0.01],
			"to": [14.99, -4, -0.01],
			"rotation": {"angle": 0, "axis": "y", "origin": [-0.01, 0, -0.01]},
			"faces": {
				"north": {"uv": [1, 5, 3, 7], "texture": "#0", "cullface": "north"},
				"south": {"uv": [1, 5, 3, 7], "texture": "#0", "cullface": "north"}
			}
		},
		{
			"from": [-0.01, -4, -0.01],
			"to": [14.99, 1, -0.01],
			"rotation": {"angle": 0, "axis": "y", "origin": [-0.01, 0, -0.01]},
			"faces": {
				"north": {"uv": [1, 0, 16, 5], "texture": "#0", "cullface": "north"},
				"south": {"uv": [1, 0, 16, 5], "texture": "#0", "cullface": "north"}
			}
		},
		{
			"from": [16.01, -7, 13.99],
			"to": [16.01, -6, 14.99],
			"rotation": {"angle": 0, "axis": "y", "origin": [16.01, 0, -0.01]},
			"faces": {
				"east": {"uv": [1, 7, 2, 8], "texture": "#0", "cullface": "east"},
				"west": {"uv": [2, 7, 1, 8], "texture": "#0", "cullface": "east"}
			}
		},
		{
			"from": [16.01, -6, 14.99],
			"to": [16.01, 1, 16.01],
			"rotation": {"angle": 0, "axis": "y", "origin": [16.01, 0, -0.01]},
			"faces": {
				"east": {"uv": [0, 0, 1, 7], "texture": "#0", "cullface": "east"},
				"west": {"uv": [1, 0, 0, 7], "texture": "#0", "cullface": "east"}
			}
		},
		{
			"from": [16.01, -6, -0.01],
			"to": [16.01, -4, 2.99],
			"rotation": {"angle": 0, "axis": "y", "origin": [16.01, 0, -0.01]},
			"faces": {
				"east": {"uv": [13, 5, 16, 7], "texture": "#0", "cullface": "east"},
				"west": {"uv": [16, 5, 13, 7], "texture": "#0", "cullface": "east"}
			}
		},
		{
			"from": [16.01, -5, 2.99],
			"to": [16.01, -4, 4.99],
			"rotation": {"angle": 0, "axis": "y", "origin": [16.01, 0, -0.01]},
			"faces": {
				"east": {"uv": [11, 5, 13, 6], "texture": "#0", "cullface": "east"},
				"west": {"uv": [13, 5, 11, 6], "texture": "#0", "cullface": "east"}
			}
		},
		{
			"from": [16.01, -5, 7.99],
			"to": [16.01, -4, 8.99],
			"rotation": {"angle": 0, "axis": "y", "origin": [16.01, 0, -0.01]},
			"faces": {
				"east": {"uv": [7, 5, 8, 6], "texture": "#0", "cullface": "east"},
				"west": {"uv": [8, 5, 7, 6], "texture": "#0", "cullface": "east"}
			}
		},
		{
			"from": [16.01, -5, 10.99],
			"to": [16.01, -4, 12.99],
			"rotation": {"angle": 0, "axis": "y", "origin": [16.01, 0, -0.01]},
			"faces": {
				"east": {"uv": [3, 5, 5, 6], "texture": "#0", "cullface": "east"},
				"west": {"uv": [5, 5, 3, 6], "texture": "#0", "cullface": "east"}
			}
		},
		{
			"from": [16.01, -6, 12.99],
			"to": [16.01, -4, 14.99],
			"rotation": {"angle": 0, "axis": "y", "origin": [16.01, 0, -0.01]},
			"faces": {
				"east": {"uv": [1, 5, 3, 7], "texture": "#0", "cullface": "east"},
				"west": {"uv": [1, 5, 3, 7], "texture": "#0", "cullface": "east"}
			}
		},
		{
			"from": [16.01, -4, -0.01],
			"to": [16.01, 1, 14.99],
			"rotation": {"angle": 0, "axis": "y", "origin": [16.01, 0, -0.01]},
			"faces": {
				"east": {"uv": [1, 0, 16, 5], "texture": "#0", "cullface": "east"},
				"west": {"uv": [1, 0, 16, 5], "texture": "#0", "cullface": "east"}
			}
		},
		{
			"from": [1.01, -7, 16.01],
			"to": [2.01, -6, 16.01],
			"rotation": {"angle": 0, "axis": "y", "origin": [16.01, 0, 16.01]},
			"faces": {
				"north": {"uv": [2, 7, 1, 8], "texture": "#0", "cullface": "south"},
				"south": {"uv": [1, 7, 2, 8], "texture": "#0", "cullface": "south"}
			}
		},
		{
			"from": [-0.01, -6, 16.01],
			"to": [1.01, 1, 16.01],
			"rotation": {"angle": 0, "axis": "y", "origin": [16.01, 0, 16.01]},
			"faces": {
				"north": {"uv": [1, 0, 0, 7], "texture": "#0", "cullface": "south"},
				"south": {"uv": [0, 0, 1, 7], "texture": "#0", "cullface": "south"}
			}
		},
		{
			"from": [13.01, -6, 16.01],
			"to": [16.01, -4, 16.01],
			"rotation": {"angle": 0, "axis": "y", "origin": [16.01, 0, 16.01]},
			"faces": {
				"north": {"uv": [16, 5, 13, 7], "texture": "#0", "cullface": "south"},
				"south": {"uv": [13, 5, 16, 7], "texture": "#0", "cullface": "south"}
			}
		},
		{
			"from": [11.01, -5, 16.01],
			"to": [13.01, -4, 16.01],
			"rotation": {"angle": 0, "axis": "y", "origin": [16.01, 0, 16.01]},
			"faces": {
				"north": {"uv": [13, 5, 11, 6], "texture": "#0", "cullface": "south"},
				"south": {"uv": [11, 5, 13, 6], "texture": "#0", "cullface": "south"}
			}
		},
		{
			"from": [7.01, -5, 16.01],
			"to": [8.01, -4, 16.01],
			"rotation": {"angle": 0, "axis": "y", "origin": [16.01, 0, 16.01]},
			"faces": {
				"north": {"uv": [8, 5, 7, 6], "texture": "#0", "cullface": "south"},
				"south": {"uv": [7, 5, 8, 6], "texture": "#0", "cullface": "south"}
			}
		},
		{
			"from": [3.01, -5, 16.01],
			"to": [5.01, -4, 16.01],
			"rotation": {"angle": 0, "axis": "y", "origin": [16.01, 0, 16.01]},
			"faces": {
				"north": {"uv": [5, 5, 3, 6], "texture": "#0", "cullface": "south"},
				"south": {"uv": [3, 5, 5, 6], "texture": "#0", "cullface": "south"}
			}
		},
		{
			"from": [1.01, -6, 16.01],
			"to": [3.01, -4, 16.01],
			"rotation": {"angle": 0, "axis": "y", "origin": [16.01, 0, 16.01]},
			"faces": {
				"north": {"uv": [1, 5, 3, 7], "texture": "#0", "cullface": "south"},
				"south": {"uv": [1, 5, 3, 7], "texture": "#0", "cullface": "south"}
			}
		},
		{
			"from": [1.01, -4, 16.01],
			"to": [16.01, 1, 16.01],
			"rotation": {"angle": 0, "axis": "y", "origin": [16.01, 0, 16.01]},
			"faces": {
				"north": {"uv": [1, 0, 16, 5], "texture": "#0", "cullface": "south"},
				"south": {"uv": [1, 0, 16, 5], "texture": "#0", "cullface": "south"}
			}
		},
		{
			"from": [-0.01, -7, 1.01],
			"to": [-0.01, -6, 2.01],
			"rotation": {"angle": 0, "axis": "y", "origin": [-0.01, 0, 16.01]},
			"faces": {
				"east": {"uv": [2, 7, 1, 8], "texture": "#0"},
				"west": {"uv": [1, 7, 2, 8], "texture": "#0", "cullface": "west"}
			}
		},
		{
			"from": [-0.01, -6, -0.01],
			"to": [-0.01, 1, 1.01],
			"rotation": {"angle": 0, "axis": "y", "origin": [-0.01, 0, 16.01]},
			"faces": {
				"east": {"uv": [1, 0, 0, 7], "texture": "#0"},
				"west": {"uv": [0, 0, 1, 7], "texture": "#0", "cullface": "west"}
			}
		},
		{
			"from": [-0.01, -6, 13.01],
			"to": [-0.01, -4, 16.01],
			"rotation": {"angle": 0, "axis": "y", "origin": [-0.01, 0, 16.01]},
			"faces": {
				"east": {"uv": [16, 5, 13, 7], "texture": "#0"},
				"west": {"uv": [13, 5, 16, 7], "texture": "#0", "cullface": "west"}
			}
		},
		{
			"from": [-0.01, -5, 11.01],
			"to": [-0.01, -4, 13.01],
			"rotation": {"angle": 0, "axis": "y", "origin": [-0.01, 0, 16.01]},
			"faces": {
				"east": {"uv": [13, 5, 11, 6], "texture": "#0"},
				"west": {"uv": [11, 5, 13, 6], "texture": "#0", "cullface": "west"}
			}
		},
		{
			"from": [-0.01, -5, 7.01],
			"to": [-0.01, -4, 8.01],
			"rotation": {"angle": 0, "axis": "y", "origin": [-0.01, 0, 16.01]},
			"faces": {
				"east": {"uv": [8, 5, 7, 6], "texture": "#0"},
				"west": {"uv": [7, 5, 8, 6], "texture": "#0", "cullface": "west"}
			}
		},
		{
			"from": [-0.01, -5, 3.01],
			"to": [-0.01, -4, 5.01],
			"rotation": {"angle": 0, "axis": "y", "origin": [-0.01, 0, 16.01]},
			"faces": {
				"east": {"uv": [5, 5, 3, 6], "texture": "#0"},
				"west": {"uv": [3, 5, 5, 6], "texture": "#0", "cullface": "west"}
			}
		},
		{
			"from": [-0.01, -6, 1.01],
			"to": [-0.01, -4, 3.01],
			"rotation": {"angle": 0, "axis": "y", "origin": [-0.01, 0, 16.01]},
			"faces": {
				"east": {"uv": [1, 5, 3, 7], "texture": "#0"},
				"west": {"uv": [1, 5, 3, 7], "texture": "#0", "cullface": "west"}
			}
		},
		{
			"from": [-0.01, -4, 1.01],
			"to": [-0.01, 1, 16.01],
			"rotation": {"angle": 0, "axis": "y", "origin": [-0.01, 0, 16.01]},
			"faces": {
				"east": {"uv": [1, 0, 16, 5], "texture": "#0"},
				"west": {"uv": [1, 0, 16, 5], "texture": "#0", "cullface": "west"}
			}
		}
	],
	"display": {
		"thirdperson_righthand": {
			"rotation": [75, 45, 0],
			"translation": [0, 2.5, 2],
			"scale": [0.375, 0.375, 0.375]
		},
		"thirdperson_lefthand": {
			"rotation": [75, 45, 0],
			"translation": [0, 2.5, 0],
			"scale": [0.375, 0.375, 0.375]
		},
		"firstperson_righthand": {
			"rotation": [0, 45, 0],
			"translation": [0, 4.2, 0],
			"scale": [0.4, 0.4, 0.4]
		},
		"firstperson_lefthand": {
			"rotation": [0, -135, 0],
			"translation": [0, 4.2, 0],
			"scale": [0.4, 0.4, 0.4]
		},
		"ground": {
			"translation": [0, 3, 0],
			"scale": [0.25, 0.25, 0.25]
		},
		"gui": {
			"rotation": [30, -135, 0],
			"translation": [0, 6.25, 0],
			"scale": [0.625, 0.625, 0.625]
		},
		"head": {
			"translation": [0, 13.55, 0],
			"scale": [0.9, 0.9, 0.9]
		},
		"fixed": {
			"scale": [0.5, 0.5, 0.5]
		},
		"on_shelf": {
			"translation": [0, 8, 0]
		}
	},
	"groups": [
		{
			"name": "north",
			"origin": [0, 0, 0],
			"color": 0,
			"children": [0, 1, 2, 3, 4, 5, 6, 7]
		},
		{
			"name": "east",
			"origin": [0, 0, 0],
			"color": 0,
			"children": [8, 9, 10, 11, 12, 13, 14, 15]
		},
		{
			"name": "south",
			"origin": [0, 0, 0],
			"color": 0,
			"children": [16, 17, 18, 19, 20, 21, 22, 23]
		},
		{
			"name": "west",
			"origin": [0, 0, 0],
			"color": 0,
			"children": [24, 25, 26, 27, 28, 29, 30, 31]
		}
	]
}