{
	"format_version": "1.21.6",
	"credit": "Green Guy",
	"textures": {
		"bouquet": "item/sunflower/bouquet/bouquet",
		"stem": "item/sunflower/bouquet/stem",
		"particle": "item/sunflower/bouquet/sunflower_bouquet_1",
		"f1": "item/sunflower/bouquet/sunflower_bouquet_1",
		"f2": "item/sunflower/bouquet/sunflower_bouquet_2",
		"filler": "item/sunflower/bouquet/flower_filler"
	},
	"elements": [
		{
			"name": "stem1",
			"from": [8, -4, 4],
			"to": [8, 12, 12],
			"rotation": {"angle": 45, "axis": "y", "origin": [8, 4, 8]},
			"faces": {
				"east": {"uv": [0, 0, 8, 16], "texture": "#stem"},
				"west": {"uv": [8, 0, 0, 16], "texture": "#stem"}
			}
		},
		{
			"name": "stem2",
			"from": [4, -4, 8],
			"to": [12, 12, 8],
			"rotation": {"angle": 45, "axis": "y", "origin": [8, 4, 8]},
			"faces": {
				"north": {"uv": [8, 0, 16, 16], "texture": "#stem"},
				"south": {"uv": [16, 0, 8, 16], "texture": "#stem"}
			}
		},
		{
			"name": "inside",
			"from": [10, 4, 6],
			"to": [6, 10, 10],
			"rotation": {"angle": 0, "axis": "y", "origin": [8, 7, 8]},
			"faces": {
				"north": {"uv": [0, 5, 4, 11], "texture": "#bouquet"},
				"east": {"uv": [4, 5, 8, 11], "texture": "#bouquet"},
				"south": {"uv": [8, 5, 12, 11], "texture": "#bouquet"},
				"west": {"uv": [12, 5, 16, 11], "texture": "#bouquet"},
				"down": {"uv": [12, 0, 16, 4], "texture": "#bouquet"}
			}
		},
		{
			"name": "up",
			"from": [6, 4, 6],
			"to": [10, 10, 10],
			"rotation": {"angle": 0, "axis": "y", "origin": [8, 7, 8]},
			"faces": {
				"north": {"uv": [0, 5, 4, 11], "texture": "#bouquet"},
				"east": {"uv": [12, 5, 16, 11], "texture": "#bouquet"},
				"south": {"uv": [8, 5, 12, 11], "texture": "#bouquet"},
				"west": {"uv": [4, 5, 8, 11], "texture": "#bouquet"},
				"down": {"uv": [8, 0, 12, 4], "texture": "#bouquet"}
			}
		},
		{
			"name": "down",
			"from": [7, -1, 7],
			"to": [9, 4, 9],
			"rotation": {"angle": 0, "axis": "y", "origin": [8, 1.5, 8]},
			"faces": {
				"north": {"uv": [0, 0, 2, 5], "texture": "#bouquet"},
				"east": {"uv": [6, 0, 8, 5], "texture": "#bouquet"},
				"south": {"uv": [4, 0, 6, 5], "texture": "#bouquet"},
				"west": {"uv": [2, 0, 4, 5], "texture": "#bouquet"}
			}
		},
		{
			"from": [8, 11, 5],
			"to": [11, 11, 11],
			"rotation": {"angle": -22.5, "axis": "z", "origin": [8, 11, 8]},
			"faces": {
				"up": {"uv": [3, 6, 6, 12], "texture": "#filler"},
				"down": {"uv": [9, 6, 12, 12], "texture": "#filler"}
			}
		},
		{
			"from": [5, 11, 5],
			"to": [8, 11, 11],
			"rotation": {"angle": 22.5, "axis": "z", "origin": [8, 11, 8]},
			"faces": {
				"up": {"uv": [0, 6, 3, 12], "texture": "#filler"},
				"down": {"uv": [6, 6, 9, 12], "texture": "#filler"}
			}
		},
		{
			"from": [5, 12.8, 5],
			"to": [11, 12.8, 8],
			"rotation": {"angle": -22.5, "axis": "x", "origin": [8, 12.8, 8]},
			"faces": {
				"up": {"uv": [3, 0, 6, 6], "rotation": 270, "texture": "#filler"},
				"down": {"uv": [9, 0, 12, 6], "rotation": 90, "texture": "#filler"}
			}
		},
		{
			"from": [5, 12.8, 8],
			"to": [11, 12.8, 11],
			"rotation": {"angle": 22.5, "axis": "x", "origin": [8, 12.8, 8]},
			"faces": {
				"up": {"uv": [0, 0, 3, 6], "rotation": 270, "texture": "#filler"},
				"down": {"uv": [6, 0, 9, 6], "rotation": 90, "texture": "#filler"}
			}
		},
		{
			"from": [3.5, 12, 7],
			"to": [11.5, 12, 15],
			"rotation": {"angle": 37.5, "axis": "x", "origin": [7.5, 12, 11]},
			"faces": {
				"up": {"uv": [0, 0, 8, 8], "texture": "#f1"},
				"down": {"uv": [8, 0, 16, 8], "rotation": 180, "texture": "#f1"}
			}
		},
		{
			"from": [8, 12.4, 5],
			"to": [16, 12.4, 13],
			"rotation": {"angle": -32.5, "axis": "z", "origin": [12, 12.4, 9]},
			"faces": {
				"up": {"uv": [0, 8, 8, 16], "rotation": 270, "texture": "#f1"},
				"down": {"uv": [8, 8, 16, 16], "rotation": 270, "texture": "#f1"}
			}
		},
		{
			"from": [4, 9, 4.7],
			"to": [12, 17, 4.7],
			"rotation": {"angle": 27.5, "axis": "x", "origin": [8, 13, 4.7]},
			"faces": {
				"north": {"uv": [0, 8, 8, 16], "texture": "#f2"},
				"south": {"uv": [8, 8, 16, 16], "texture": "#f2"}
			}
		},
		{
			"from": [4.7, 7.6, 3],
			"to": [4.7, 15.6, 11],
			"rotation": {"angle": -22.5, "axis": "z", "origin": [4.7, 11.6, 7]},
			"faces": {
				"east": {"uv": [8, 0, 16, 8], "texture": "#f2"},
				"west": {"uv": [0, 0, 8, 8], "texture": "#f2"}
			}
		}
	],
	"display": {
		"thirdperson_righthand": {
			"rotation": [0, 60, 0],
			"translation": [0, 4.5, 0]
		},
		"thirdperson_lefthand": {
			"rotation": [0, -60, 0],
			"translation": [0, 4.5, 0]
		},
		"firstperson_righthand": {
			"rotation": [0, -79, 0],
			"translation": [2, -2, 0]
		},
		"firstperson_lefthand": {
			"rotation": [0, 79, 0],
			"translation": [2, -2, 0]
		},
		"ground": {
			"rotation": [75, 0, 0],
			"translation": [0, 1, 2]
		},
		"gui": {
			"rotation": [45, 45, 0],
			"translation": [0, -3, 0],
			"scale": [1.44, 1.44, 1.44]
		},
		"head": {
			"translation": [0, 17.75, 0],
			"scale": [1.44, 1.44, 1.44]
		},
		"fixed": {
			"rotation": [0, 0, 45],
			"translation": [-3, 3, 0],
			"scale": [1.44, 1.44, 1.44]
		}
	},
	"groups": [
		0,
		1,
		{
			"name": "bouquet",
			"origin": [8, 8, 8],
			"color": 0,
			"children": [2, 3, 4]
		},
		5,
		6,
		7,
		8,
		{
			"name": "flowerface",
			"origin": [8, 12, 11],
			"color": 0,
			"children": [9, 10, 11, 12]
		}
	]
}