{
  "variants": {
    "half=lower": [
      {"model": "minecraft:block/sunflower/sunflower_bottom"},
      {"model": "minecraft:block/sunflower/sunflower_bottom_2"},
      {"model": "minecraft:block/sunflower/sunflower_bottom_3"},
      {"model": "minecraft:block/sunflower/sunflower_bottom_4"}
    ],
    "half=upper": [
      {"model": "minecraft:block/sunflower/sunflower_top"},
      {"model": "minecraft:block/sunflower/sunflower_top_2"},
      {"model": "minecraft:block/sunflower/sunflower_top_3"},
      {"model": "minecraft:block/sunflower/sunflower_top_4"}
    ]
  }
}