{
	"format_version": "1.21.6",
	"credit": "Green Guy",
	"textures": {
		"0": "block/snow/snow_overlay_3",
		"1": "block/snow/snow_block_3",
		"2": "block/snow/snow_underside_3",
		"particle": "block/snow/snow_block_3"
	},
	"elements": [
		{
			"from": [-0.01, -8, 15],
			"to": [-0.01, 1, 16.01],
			"rotation": {"angle": 0, "axis": "y", "origin": [-0.01, 0, 0]},
			"faces": {
				"east": {"uv": [16, 0, 15, 9], "texture": "#0", "cullface": "west"},
				"west": {"uv": [15, 0, 16, 9], "texture": "#0", "cullface": "west"}
			}
		},
		{
			"from": [-0.01, -8, 13],
			"to": [-0.01, -7, 14],
			"rotation": {"angle": 0, "axis": "y", "origin": [-0.01, 0, 0]},
			"faces": {
				"east": {"uv": [14, 8, 13, 9], "texture": "#0", "cullface": "west"},
				"west": {"uv": [13, 8, 14, 9], "texture": "#0", "cullface": "west"}
			}
		},
		{
			"from": [-0.01, -7, 0],
			"to": [-0.01, -6, 4],
			"rotation": {"angle": 0, "axis": "y", "origin": [-0.01, 0, 0]},
			"faces": {
				"east": {"uv": [4, 7, 0, 8], "texture": "#0", "cullface": "west"},
				"west": {"uv": [0, 7, 4, 8], "texture": "#0", "cullface": "west"}
			}
		},
		{
			"from": [-0.01, -8, 5],
			"to": [-0.01, -6, 6],
			"rotation": {"angle": 0, "axis": "y", "origin": [-0.01, 0, 0]},
			"faces": {
				"east": {"uv": [6, 7, 5, 9], "texture": "#0", "cullface": "west"},
				"west": {"uv": [5, 7, 6, 9], "texture": "#0", "cullface": "west"}
			}
		},
		{
			"from": [-0.01, -7, 12],
			"to": [-0.01, -6, 15],
			"rotation": {"angle": 0, "axis": "y", "origin": [-0.01, 0, 0]},
			"faces": {
				"east": {"uv": [15, 7, 12, 8], "texture": "#0", "cullface": "west"},
				"west": {"uv": [12, 7, 15, 8], "texture": "#0", "cullface": "west"}
			}
		},
		{
			"from": [-0.01, -6, 0],
			"to": [-0.01, 1, 7],
			"rotation": {"angle": 0, "axis": "y", "origin": [-0.01, 0, 0]},
			"faces": {
				"east": {"uv": [7, 0, 0, 7], "texture": "#0", "cullface": "west"},
				"west": {"uv": [0, 0, 7, 7], "texture": "#0", "cullface": "west"}
			}
		},
		{
			"from": [-0.01, -5, 7],
			"to": [-0.01, 1, 8],
			"rotation": {"angle": 0, "axis": "y", "origin": [-0.01, 0, 0]},
			"faces": {
				"east": {"uv": [8, 0, 7, 6], "texture": "#0", "cullface": "west"},
				"west": {"uv": [7, 0, 8, 6], "texture": "#0", "cullface": "west"}
			}
		},
		{
			"from": [-0.01, -6, 8],
			"to": [-0.01, 1, 9],
			"rotation": {"angle": 0, "axis": "y", "origin": [-0.01, 0, 0]},
			"faces": {
				"east": {"uv": [9, 0, 8, 7], "texture": "#0", "cullface": "west"},
				"west": {"uv": [8, 0, 9, 7], "texture": "#0", "cullface": "west"}
			}
		},
		{
			"from": [-0.01, -5, 9],
			"to": [-0.01, 1, 10],
			"rotation": {"angle": 0, "axis": "y", "origin": [-0.01, 0, 0]},
			"faces": {
				"east": {"uv": [10, 0, 9, 6], "texture": "#0", "cullface": "west"},
				"west": {"uv": [9, 0, 10, 6], "texture": "#0", "cullface": "west"}
			}
		},
		{
			"from": [-0.01, -6, 10],
			"to": [-0.01, 1, 15],
			"rotation": {"angle": 0, "axis": "y", "origin": [-0.01, 0, 0]},
			"faces": {
				"east": {"uv": [15, 0, 10, 7], "texture": "#0", "cullface": "west"},
				"west": {"uv": [10, 0, 15, 7], "texture": "#0", "cullface": "west"}
			}
		},
		{
			"from": [15, -8, 16.01],
			"to": [16.01, 1, 16.01],
			"rotation": {"angle": 0, "axis": "y", "origin": [0, 0, 16.01]},
			"faces": {
				"north": {"uv": [16, 0, 15, 9], "texture": "#0", "cullface": "south"},
				"south": {"uv": [15, 0, 16, 9], "texture": "#0", "cullface": "south"}
			}
		},
		{
			"from": [13, -8, 16.01],
			"to": [14, -7, 16.01],
			"rotation": {"angle": 0, "axis": "y", "origin": [0, 0, 16.01]},
			"faces": {
				"north": {"uv": [14, 8, 13, 9], "texture": "#0", "cullface": "south"},
				"south": {"uv": [13, 8, 14, 9], "texture": "#0", "cullface": "south"}
			}
		},
		{
			"from": [0, -7, 16.01],
			"to": [4, -6, 16.01],
			"rotation": {"angle": 0, "axis": "y", "origin": [0, 0, 16.01]},
			"faces": {
				"north": {"uv": [4, 7, 0, 8], "texture": "#0", "cullface": "south"},
				"south": {"uv": [0, 7, 4, 8], "texture": "#0", "cullface": "south"}
			}
		},
		{
			"from": [5, -8, 16.01],
			"to": [6, -6, 16.01],
			"rotation": {"angle": 0, "axis": "y", "origin": [0, 0, 16.01]},
			"faces": {
				"north": {"uv": [6, 7, 5, 9], "texture": "#0", "cullface": "south"},
				"south": {"uv": [5, 7, 6, 9], "texture": "#0", "cullface": "south"}
			}
		},
		{
			"from": [12, -7, 16.01],
			"to": [15, -6, 16.01],
			"rotation": {"angle": 0, "axis": "y", "origin": [0, 0, 16.01]},
			"faces": {
				"north": {"uv": [15, 7, 12, 8], "texture": "#0", "cullface": "south"},
				"south": {"uv": [12, 7, 15, 8], "texture": "#0", "cullface": "south"}
			}
		},
		{
			"from": [0, -6, 16.01],
			"to": [7, 1, 16.01],
			"rotation": {"angle": 0, "axis": "y", "origin": [0, 0, 16.01]},
			"faces": {
				"north": {"uv": [7, 0, 0, 7], "texture": "#0", "cullface": "south"},
				"south": {"uv": [0, 0, 7, 7], "texture": "#0", "cullface": "south"}
			}
		},
		{
			"from": [7, -5, 16.01],
			"to": [8, 1, 16.01],
			"rotation": {"angle": 0, "axis": "y", "origin": [0, 0, 16.01]},
			"faces": {
				"north": {"uv": [8, 0, 7, 6], "texture": "#0", "cullface": "south"},
				"south": {"uv": [7, 0, 8, 6], "texture": "#0", "cullface": "south"}
			}
		},
		{
			"from": [8, -6, 16.01],
			"to": [9, 1, 16.01],
			"rotation": {"angle": 0, "axis": "y", "origin": [0, 0, 16.01]},
			"faces": {
				"north": {"uv": [9, 0, 8, 7], "texture": "#0", "cullface": "south"},
				"south": {"uv": [8, 0, 9, 7], "texture": "#0", "cullface": "south"}
			}
		},
		{
			"from": [9, -5, 16.01],
			"to": [10, 1, 16.01],
			"rotation": {"angle": 0, "axis": "y", "origin": [0, 0, 16.01]},
			"faces": {
				"north": {"uv": [10, 0, 9, 6], "texture": "#0", "cullface": "south"},
				"south": {"uv": [9, 0, 10, 6], "texture": "#0", "cullface": "south"}
			}
		},
		{
			"from": [10, -6, 16.01],
			"to": [15, 1, 16.01],
			"rotation": {"angle": 0, "axis": "y", "origin": [0, 0, 16.01]},
			"faces": {
				"north": {"uv": [15, 0, 10, 7], "texture": "#0", "cullface": "south"},
				"south": {"uv": [10, 0, 15, 7], "texture": "#0", "cullface": "south"}
			}
		},
		{
			"from": [16.01, -8, -0.01],
			"to": [16.01, 1, 1],
			"rotation": {"angle": 0, "axis": "y", "origin": [16.01, 0, 16]},
			"faces": {
				"east": {"uv": [15, 0, 16, 9], "texture": "#0", "cullface": "east"},
				"west": {"uv": [16, 0, 15, 9], "texture": "#0", "cullface": "east"}
			}
		},
		{
			"from": [16.01, -8, 2],
			"to": [16.01, -7, 3],
			"rotation": {"angle": 0, "axis": "y", "origin": [16.01, 0, 16]},
			"faces": {
				"east": {"uv": [13, 8, 14, 9], "texture": "#0", "cullface": "east"},
				"west": {"uv": [14, 8, 13, 9], "texture": "#0", "cullface": "east"}
			}
		},
		{
			"from": [16.01, -7, 12],
			"to": [16.01, -6, 16],
			"rotation": {"angle": 0, "axis": "y", "origin": [16.01, 0, 16]},
			"faces": {
				"east": {"uv": [0, 7, 4, 8], "texture": "#0", "cullface": "east"},
				"west": {"uv": [4, 7, 0, 8], "texture": "#0", "cullface": "east"}
			}
		},
		{
			"from": [16.01, -8, 10],
			"to": [16.01, -6, 11],
			"rotation": {"angle": 0, "axis": "y", "origin": [16.01, 0, 16]},
			"faces": {
				"east": {"uv": [5, 7, 6, 9], "texture": "#0", "cullface": "east"},
				"west": {"uv": [6, 7, 5, 9], "texture": "#0", "cullface": "east"}
			}
		},
		{
			"from": [16.01, -7, 1],
			"to": [16.01, -6, 4],
			"rotation": {"angle": 0, "axis": "y", "origin": [16.01, 0, 16]},
			"faces": {
				"east": {"uv": [12, 7, 15, 8], "texture": "#0", "cullface": "east"},
				"west": {"uv": [15, 7, 12, 8], "texture": "#0", "cullface": "east"}
			}
		},
		{
			"from": [16.01, -6, 9],
			"to": [16.01, 1, 16],
			"rotation": {"angle": 0, "axis": "y", "origin": [16.01, 0, 16]},
			"faces": {
				"east": {"uv": [0, 0, 7, 7], "texture": "#0", "cullface": "east"},
				"west": {"uv": [7, 0, 0, 7], "texture": "#0", "cullface": "east"}
			}
		},
		{
			"from": [16.01, -5, 8],
			"to": [16.01, 1, 9],
			"rotation": {"angle": 0, "axis": "y", "origin": [16.01, 0, 16]},
			"faces": {
				"east": {"uv": [7, 0, 8, 6], "texture": "#0", "cullface": "east"},
				"west": {"uv": [8, 0, 7, 6], "texture": "#0", "cullface": "east"}
			}
		},
		{
			"from": [16.01, -6, 7],
			"to": [16.01, 1, 8],
			"rotation": {"angle": 0, "axis": "y", "origin": [16.01, 0, 16]},
			"faces": {
				"east": {"uv": [8, 0, 9, 7], "texture": "#0", "cullface": "east"},
				"west": {"uv": [9, 0, 8, 7], "texture": "#0", "cullface": "east"}
			}
		},
		{
			"from": [16.01, -5, 6],
			"to": [16.01, 1, 7],
			"rotation": {"angle": 0, "axis": "y", "origin": [16.01, 0, 16]},
			"faces": {
				"east": {"uv": [9, 0, 10, 6], "texture": "#0", "cullface": "east"},
				"west": {"uv": [10, 0, 9, 6], "texture": "#0", "cullface": "east"}
			}
		},
		{
			"from": [16.01, -6, 1],
			"to": [16.01, 1, 6],
			"rotation": {"angle": 0, "axis": "y", "origin": [16.01, 0, 16]},
			"faces": {
				"east": {"uv": [10, 0, 15, 7], "texture": "#0", "cullface": "east"},
				"west": {"uv": [15, 0, 10, 7], "texture": "#0", "cullface": "east"}
			}
		},
		{
			"from": [-0.01, -8, -0.01],
			"to": [1, 1, -0.01],
			"rotation": {"angle": 0, "axis": "y", "origin": [16, 0, -0.01]},
			"faces": {
				"north": {"uv": [15, 0, 16, 9], "texture": "#0", "cullface": "north"},
				"south": {"uv": [16, 0, 15, 9], "texture": "#0", "cullface": "north"}
			}
		},
		{
			"from": [2, -8, -0.01],
			"to": [3, -7, -0.01],
			"rotation": {"angle": 0, "axis": "y", "origin": [16, 0, -0.01]},
			"faces": {
				"north": {"uv": [13, 8, 14, 9], "texture": "#0", "cullface": "north"},
				"south": {"uv": [14, 8, 13, 9], "texture": "#0", "cullface": "north"}
			}
		},
		{
			"from": [12, -7, -0.01],
			"to": [16, -6, -0.01],
			"rotation": {"angle": 0, "axis": "y", "origin": [16, 0, -0.01]},
			"faces": {
				"north": {"uv": [0, 7, 4, 8], "texture": "#0", "cullface": "north"},
				"south": {"uv": [4, 7, 0, 8], "texture": "#0", "cullface": "north"}
			}
		},
		{
			"from": [10, -8, -0.01],
			"to": [11, -6, -0.01],
			"rotation": {"angle": 0, "axis": "y", "origin": [16, 0, -0.01]},
			"faces": {
				"north": {"uv": [5, 7, 6, 9], "texture": "#0", "cullface": "north"},
				"south": {"uv": [6, 7, 5, 9], "texture": "#0", "cullface": "north"}
			}
		},
		{
			"from": [1, -7, -0.01],
			"to": [4, -6, -0.01],
			"rotation": {"angle": 0, "axis": "y", "origin": [16, 0, -0.01]},
			"faces": {
				"north": {"uv": [12, 7, 15, 8], "texture": "#0", "cullface": "north"},
				"south": {"uv": [15, 7, 12, 8], "texture": "#0", "cullface": "north"}
			}
		},
		{
			"from": [9, -6, -0.01],
			"to": [16, 1, -0.01],
			"rotation": {"angle": 0, "axis": "y", "origin": [16, 0, -0.01]},
			"faces": {
				"north": {"uv": [0, 0, 7, 7], "texture": "#0", "cullface": "north"},
				"south": {"uv": [7, 0, 0, 7], "texture": "#0", "cullface": "north"}
			}
		},
		{
			"from": [8, -5, -0.01],
			"to": [9, 1, -0.01],
			"rotation": {"angle": 0, "axis": "y", "origin": [16, 0, -0.01]},
			"faces": {
				"north": {"uv": [7, 0, 8, 6], "texture": "#0", "cullface": "north"},
				"south": {"uv": [8, 0, 7, 6], "texture": "#0", "cullface": "north"}
			}
		},
		{
			"from": [7, -6, -0.01],
			"to": [8, 1, -0.01],
			"rotation": {"angle": 0, "axis": "y", "origin": [16, 0, -0.01]},
			"faces": {
				"north": {"uv": [8, 0, 9, 7], "texture": "#0", "cullface": "north"},
				"south": {"uv": [9, 0, 8, 7], "texture": "#0", "cullface": "north"}
			}
		},
		{
			"from": [6, -5, -0.01],
			"to": [7, 1, -0.01],
			"rotation": {"angle": 0, "axis": "y", "origin": [16, 0, -0.01]},
			"faces": {
				"north": {"uv": [9, 0, 10, 6], "texture": "#0", "cullface": "north"},
				"south": {"uv": [10, 0, 9, 6], "texture": "#0", "cullface": "north"}
			}
		},
		{
			"from": [1, -6, -0.01],
			"to": [6, 1, -0.01],
			"rotation": {"angle": 0, "axis": "y", "origin": [16, 0, -0.01]},
			"faces": {
				"north": {"uv": [10, 0, 15, 7], "texture": "#0", "cullface": "north"},
				"south": {"uv": [15, 0, 10, 7], "texture": "#0", "cullface": "north"}
			}
		},
		{
			"from": [0, 0, 0],
			"to": [16, 6, 16],
			"faces": {
				"north": {"uv": [0, 10, 16, 16], "texture": "#1", "cullface": "north"},
				"east": {"uv": [0, 10, 16, 16], "texture": "#1", "cullface": "east"},
				"south": {"uv": [0, 10, 16, 16], "texture": "#1", "cullface": "south"},
				"west": {"uv": [0, 10, 16, 16], "texture": "#1", "cullface": "west"},
				"up": {"uv": [0, 0, 16, 16], "texture": "#1"},
				"down": {"uv": [0, 0, 16, 16], "texture": "#2", "cullface": "down"}
			}
		}
	],
	"groups": [
		{
			"name": "west",
			"origin": [0, 0, 0],
			"color": 0,
			"children": [0, 1, 2, 3, 4, 5, 6, 7, 8, 9]
		},
		{
			"name": "south",
			"origin": [0, 0, 0],
			"color": 0,
			"children": [10, 11, 12, 13, 14, 15, 16, 17, 18, 19]
		},
		{
			"name": "east",
			"origin": [0, 0, 0],
			"color": 0,
			"children": [20, 21, 22, 23, 24, 25, 26, 27, 28, 29]
		},
		{
			"name": "north",
			"origin": [0, 0, 0],
			"color": 0,
			"children": [30, 31, 32, 33, 34, 35, 36, 37, 38, 39]
		},
		40
	]
}