{
  "variants": {
    "layers=1": [
        {"model": "minecraft:block/snow/layer/snow_layer1"},
        {"model": "minecraft:block/snow/layer/snow_layer1_2"},
        {"model": "minecraft:block/snow/layer/snow_layer1_3"},
        {"model": "minecraft:block/snow/layer/snow_layer1_4"},
        {"model": "minecraft:block/snow/layer/snow_layer1", "y": 90},
        {"model": "minecraft:block/snow/layer/snow_layer1_2", "y": 90},
        {"model": "minecraft:block/snow/layer/snow_layer1_3", "y": 90},
        {"model": "minecraft:block/snow/layer/snow_layer1_4", "y": 90},
        {"model": "minecraft:block/snow/layer/snow_layer1", "y": 180},
        {"model": "minecraft:block/snow/layer/snow_layer1_2", "y": 180},
        {"model": "minecraft:block/snow/layer/snow_layer1_3", "y": 180},
        {"model": "minecraft:block/snow/layer/snow_layer1_4", "y": 180},
        {"model": "minecraft:block/snow/layer/snow_layer1", "y": 270},
        {"model": "minecraft:block/snow/layer/snow_layer1_2", "y": 270},
        {"model": "minecraft:block/snow/layer/snow_layer1_3", "y": 270},
        {"model": "minecraft:block/snow/layer/snow_layer1_4", "y": 270}
      ],
    "layers=2": [
        {"model": "minecraft:block/snow/layer/snow_layer2"},
        {"model": "minecraft:block/snow/layer/snow_layer2_2"},
        {"model": "minecraft:block/snow/layer/snow_layer2_3"},
        {"model": "minecraft:block/snow/layer/snow_layer2_4"},
        {"model": "minecraft:block/snow/layer/snow_layer2", "y": 90},
        {"model": "minecraft:block/snow/layer/snow_layer2_2", "y": 90},
        {"model": "minecraft:block/snow/layer/snow_layer2_3", "y": 90},
        {"model": "minecraft:block/snow/layer/snow_layer2_4", "y": 90},
        {"model": "minecraft:block/snow/layer/snow_layer2", "y": 180},
        {"model": "minecraft:block/snow/layer/snow_layer2_2", "y": 180},
        {"model": "minecraft:block/snow/layer/snow_layer2_3", "y": 180},
        {"model": "minecraft:block/snow/layer/snow_layer2_4", "y": 180},
        {"model": "minecraft:block/snow/layer/snow_layer2", "y": 270},
        {"model": "minecraft:block/snow/layer/snow_layer2_2", "y": 270},
        {"model": "minecraft:block/snow/layer/snow_layer2_3", "y": 270},
        {"model": "minecraft:block/snow/layer/snow_layer2_4", "y": 270}
      ],
    "layers=3": [
        {"model": "minecraft:block/snow/layer/snow_layer3"},
        {"model": "minecraft:block/snow/layer/snow_layer3_2"},
        {"model": "minecraft:block/snow/layer/snow_layer3_3"},
        {"model": "minecraft:block/snow/layer/snow_layer3_4"},
        {"model": "minecraft:block/snow/layer/snow_layer3", "y": 90},
        {"model": "minecraft:block/snow/layer/snow_layer3_2", "y": 90},
        {"model": "minecraft:block/snow/layer/snow_layer3_3", "y": 90},
        {"model": "minecraft:block/snow/layer/snow_layer3_4", "y": 90},
        {"model": "minecraft:block/snow/layer/snow_layer3", "y": 180},
        {"model": "minecraft:block/snow/layer/snow_layer3_2", "y": 180},
        {"model": "minecraft:block/snow/layer/snow_layer3_3", "y": 180},
        {"model": "minecraft:block/snow/layer/snow_layer3_4", "y": 180},
        {"model": "minecraft:block/snow/layer/snow_layer3", "y": 270},
        {"model": "minecraft:block/snow/layer/snow_layer3_2", "y": 270},
        {"model": "minecraft:block/snow/layer/snow_layer3_3", "y": 270},
        {"model": "minecraft:block/snow/layer/snow_layer3_4", "y": 270}
      ],
    "layers=4": [
        {"model": "minecraft:block/snow/layer/snow_layer4"},
        {"model": "minecraft:block/snow/layer/snow_layer4_2"},
        {"model": "minecraft:block/snow/layer/snow_layer4_3"},
        {"model": "minecraft:block/snow/layer/snow_layer4_4"},
        {"model": "minecraft:block/snow/layer/snow_layer4", "y": 90},
        {"model": "minecraft:block/snow/layer/snow_layer4_2", "y": 90},
        {"model": "minecraft:block/snow/layer/snow_layer4_3", "y": 90},
        {"model": "minecraft:block/snow/layer/snow_layer4_4", "y": 90},
        {"model": "minecraft:block/snow/layer/snow_layer4", "y": 180},
        {"model": "minecraft:block/snow/layer/snow_layer4_2", "y": 180},
        {"model": "minecraft:block/snow/layer/snow_layer4_3", "y": 180},
        {"model": "minecraft:block/snow/layer/snow_layer4_4", "y": 180},
        {"model": "minecraft:block/snow/layer/snow_layer4", "y": 270},
        {"model": "minecraft:block/snow/layer/snow_layer4_2", "y": 270},
        {"model": "minecraft:block/snow/layer/snow_layer4_3", "y": 270},
        {"model": "minecraft:block/snow/layer/snow_layer4_4", "y": 270}
      ],
    "layers=5": [
        {"model": "minecraft:block/snow/layer/snow_layer5"},
        {"model": "minecraft:block/snow/layer/snow_layer5_2"},
        {"model": "minecraft:block/snow/layer/snow_layer5_3"},
        {"model": "minecraft:block/snow/layer/snow_layer5_4"},
        {"model": "minecraft:block/snow/layer/snow_layer5", "y": 90},
        {"model": "minecraft:block/snow/layer/snow_layer5_2", "y": 90},
        {"model": "minecraft:block/snow/layer/snow_layer5_3", "y": 90},
        {"model": "minecraft:block/snow/layer/snow_layer5_4", "y": 90},
        {"model": "minecraft:block/snow/layer/snow_layer5", "y": 180},
        {"model": "minecraft:block/snow/layer/snow_layer5_2", "y": 180},
        {"model": "minecraft:block/snow/layer/snow_layer5_3", "y": 180},
        {"model": "minecraft:block/snow/layer/snow_layer5_4", "y": 180},
        {"model": "minecraft:block/snow/layer/snow_layer5", "y": 270},
        {"model": "minecraft:block/snow/layer/snow_layer5_2", "y": 270},
        {"model": "minecraft:block/snow/layer/snow_layer5_3", "y": 270},
        {"model": "minecraft:block/snow/layer/snow_layer5_4", "y": 270}
      ],
    "layers=6": [
        {"model": "minecraft:block/snow/layer/snow_layer6"},
        {"model": "minecraft:block/snow/layer/snow_layer6_2"},
        {"model": "minecraft:block/snow/layer/snow_layer6_3"},
        {"model": "minecraft:block/snow/layer/snow_layer6_4"},
        {"model": "minecraft:block/snow/layer/snow_layer6", "y": 90},
        {"model": "minecraft:block/snow/layer/snow_layer6_2", "y": 90},
        {"model": "minecraft:block/snow/layer/snow_layer6_3", "y": 90},
        {"model": "minecraft:block/snow/layer/snow_layer6_4", "y": 90},
        {"model": "minecraft:block/snow/layer/snow_layer6", "y": 180},
        {"model": "minecraft:block/snow/layer/snow_layer6_2", "y": 180},
        {"model": "minecraft:block/snow/layer/snow_layer6_3", "y": 180},
        {"model": "minecraft:block/snow/layer/snow_layer6_4", "y": 180},
        {"model": "minecraft:block/snow/layer/snow_layer6", "y": 270},
        {"model": "minecraft:block/snow/layer/snow_layer6_2", "y": 270},
        {"model": "minecraft:block/snow/layer/snow_layer6_3", "y": 270},
        {"model": "minecraft:block/snow/layer/snow_layer6_4", "y": 270}
      ],
    "layers=7": [
        {"model": "minecraft:block/snow/layer/snow_layer7"},
        {"model": "minecraft:block/snow/layer/snow_layer7_2"},
        {"model": "minecraft:block/snow/layer/snow_layer7_3"},
        {"model": "minecraft:block/snow/layer/snow_layer7_4"},
        {"model": "minecraft:block/snow/layer/snow_layer7", "y": 90},
        {"model": "minecraft:block/snow/layer/snow_layer7_2", "y": 90},
        {"model": "minecraft:block/snow/layer/snow_layer7_3", "y": 90},
        {"model": "minecraft:block/snow/layer/snow_layer7_4", "y": 90},
        {"model": "minecraft:block/snow/layer/snow_layer7", "y": 180},
        {"model": "minecraft:block/snow/layer/snow_layer7_2", "y": 180},
        {"model": "minecraft:block/snow/layer/snow_layer7_3", "y": 180},
        {"model": "minecraft:block/snow/layer/snow_layer7_4", "y": 180},
        {"model": "minecraft:block/snow/layer/snow_layer7", "y": 270},
        {"model": "minecraft:block/snow/layer/snow_layer7_2", "y": 270},
        {"model": "minecraft:block/snow/layer/snow_layer7_3", "y": 270},
        {"model": "minecraft:block/snow/layer/snow_layer7_4", "y": 270}
      ],
    "layers=1": [
        {"model": "minecraft:block/snow/layer/snow_layer8"},
        {"model": "minecraft:block/snow/layer/snow_layer8_2"},
        {"model": "minecraft:block/snow/layer/snow_layer8_3"},
        {"model": "minecraft:block/snow/layer/snow_layer81_4"},
        {"model": "minecraft:block/snow/layer/snow_layer8", "y": 90},
        {"model": "minecraft:block/snow/layer/snow_layer8_2", "y": 90},
        {"model": "minecraft:block/snow/layer/snow_layer8_3", "y": 90},
        {"model": "minecraft:block/snow/layer/snow_layer8_4", "y": 90},
        {"model": "minecraft:block/snow/layer/snow_layer8", "y": 180},
        {"model": "minecraft:block/snow/layer/snow_layer8_2", "y": 180},
        {"model": "minecraft:block/snow/layer/snow_layer8_3", "y": 180},
        {"model": "minecraft:block/snow/layer/snow_layer8_4", "y": 180},
        {"model": "minecraft:block/snow/layer/snow_layer8", "y": 270},
        {"model": "minecraft:block/snow/layer/snow_layer8_2", "y": 270},
        {"model": "minecraft:block/snow/layer/snow_layer8_3", "y": 270},
        {"model": "minecraft:block/snow/layer/snow_layer8_4", "y": 270}
      ],
  }
}