{"format_version":"1.21.6","credit":"Green Guy","parent":"block/thin_block","textures":{"particle":"block/moss/moss_block","top":"block/moss/moss_block","bottom":"block/moss/moss_carpet_underside","side":"block/moss/moss_carpet_overlay"},"elements":[{"from":[0,0,0],"to":[16,1,16],"faces":{"north":{"uv":[16,0,0,1],"texture":"#top","cullface":"north"},"east":{"uv":[15,0,16,16],"rotation":90,"texture":"#top","cullface":"east"},"south":{"uv":[0,15,16,16],"texture":"#top","cullface":"south"},"west":{"uv":[1,16,0,0],"rotation":90,"texture":"#top","cullface":"east"},"up":{"uv":[0,0,16,16],"texture":"#top"},"down":{"uv":[0,0,16,16],"texture":"#bottom","cullface":"down"}}},{"from":[0,-4,0],"to":[16,0,0],"rotation":{"angle":0.1,"axis":"x","origin":[8,0,0]},"faces":{"north":{"uv":[0,0,16,4],"texture":"#side"},"south":{"uv":[0,0,16,4],"texture":"#side"}}},{"from":[15,-5,0],"to":[16,-4,0],"rotation":{"angle":0.1,"axis":"x","origin":[8,0,0]},"faces":{"north":{"uv":[0,4,1,5],"texture":"#side"},"south":{"uv":[1,4,0,5],"texture":"#side"}}},{"from":[10,-5,0],"to":[13,-4,0],"rotation":{"angle":0.1,"axis":"x","origin":[8,0,0]},"faces":{"north":{"uv":[3,4,6,5],"texture":"#side"},"south":{"uv":[6,4,3,5],"texture":"#side"}}},{"from":[11,-7,0],"to":[12,-5,0],"rotation":{"angle":0.1,"axis":"x","origin":[8,0,0]},"faces":{"north":{"uv":[4,5,5,7],"texture":"#side"},"south":{"uv":[5,5,4,7],"texture":"#side"}}},{"from":[3,-6,0],"to":[9,-4,0],"rotation":{"angle":0.1,"axis":"x","origin":[8,0,0]},"faces":{"north":{"uv":[7,4,13,6],"texture":"#side"},"south":{"uv":[13,4,7,6],"texture":"#side"}}},{"from":[8,-7,0],"to":[9,-6,0],"rotation":{"angle":0.1,"axis":"x","origin":[8,0,0]},"faces":{"north":{"uv":[7,6,8,7],"texture":"#side"},"south":{"uv":[8,6,7,7],"texture":"#side"}}},{"from":[6,-8,0],"to":[7,-6,0],"rotation":{"angle":0.1,"axis":"x","origin":[8,0,0]},"faces":{"north":{"uv":[9,6,10,8],"texture":"#side"},"south":{"uv":[10,6,9,8],"texture":"#side"}}},{"from":[5,-7,0],"to":[6,-6,0],"rotation":{"angle":0.1,"axis":"x","origin":[8,0,0]},"faces":{"north":{"uv":[10,6,11,7],"texture":"#side"},"south":{"uv":[11,6,10,7],"texture":"#side"}}},{"from":[4,-8,0],"to":[5,-6,0],"rotation":{"angle":0.1,"axis":"x","origin":[8,0,0]},"faces":{"north":{"uv":[11,6,12,8],"texture":"#side"},"south":{"uv":[12,6,11,8],"texture":"#side"}}},{"from":[1,-5,0],"to":[2,-4,0],"rotation":{"angle":0.1,"axis":"x","origin":[8,0,0]},"faces":{"north":{"uv":[14,4,15,5],"texture":"#side"},"south":{"uv":[15,4,14,5],"texture":"#side"}}},{"from":[0,-6,0],"to":[1,-4,0],"rotation":{"angle":0.1,"axis":"x","origin":[8,0,0]},"faces":{"north":{"uv":[15,4,16,6],"texture":"#side"},"south":{"uv":[16,4,15,6],"texture":"#side"}}},{"from":[0,-4,0],"to":[0,0,16],"rotation":{"angle":-0.1,"axis":"z","origin":[0,0,8]},"faces":{"east":{"uv":[0,0,16,4],"texture":"#side"},"west":{"uv":[0,0,16,4],"texture":"#side"}}},{"from":[0,-5,0],"to":[0,-4,1],"rotation":{"angle":-0.1,"axis":"z","origin":[0,0,8]},"faces":{"east":{"uv":[1,4,0,5],"texture":"#side"},"west":{"uv":[0,4,1,5],"texture":"#side"}}},{"from":[0,-5,3],"to":[0,-4,6],"rotation":{"angle":-0.1,"axis":"z","origin":[0,0,8]},"faces":{"east":{"uv":[6,4,3,5],"texture":"#side"},"west":{"uv":[3,4,6,5],"texture":"#side"}}},{"from":[0,-7,4],"to":[0,-5,5],"rotation":{"angle":-0.1,"axis":"z","origin":[0,0,8]},"faces":{"east":{"uv":[5,5,4,7],"texture":"#side"},"west":{"uv":[4,5,5,7],"texture":"#side"}}},{"from":[0,-6,7],"to":[0,-4,13],"rotation":{"angle":-0.1,"axis":"z","origin":[0,0,8]},"faces":{"east":{"uv":[13,4,7,6],"texture":"#side"},"west":{"uv":[7,4,13,6],"texture":"#side"}}},{"from":[0,-7,7],"to":[0,-6,8],"rotation":{"angle":-0.1,"axis":"z","origin":[0,0,8]},"faces":{"east":{"uv":[8,6,7,7],"texture":"#side"},"west":{"uv":[7,6,8,7],"texture":"#side"}}},{"from":[0,-8,9],"to":[0,-6,10],"rotation":{"angle":-0.1,"axis":"z","origin":[0,0,8]},"faces":{"east":{"uv":[10,6,9,8],"texture":"#side"},"west":{"uv":[9,6,10,8],"texture":"#side"}}},{"from":[0,-7,10],"to":[0,-6,11],"rotation":{"angle":-0.1,"axis":"z","origin":[0,0,8]},"faces":{"east":{"uv":[11,6,10,7],"texture":"#side"},"west":{"uv":[10,6,11,7],"texture":"#side"}}},{"from":[0,-8,11],"to":[0,-6,12],"rotation":{"angle":-0.1,"axis":"z","origin":[0,0,8]},"faces":{"east":{"uv":[12,6,11,8],"texture":"#side"},"west":{"uv":[11,6,12,8],"texture":"#side"}}},{"from":[0,-5,14],"to":[0,-4,15],"rotation":{"angle":-0.1,"axis":"z","origin":[0,0,8]},"faces":{"east":{"uv":[15,4,14,5],"texture":"#side"},"west":{"uv":[14,4,15,5],"texture":"#side"}}},{"from":[0,-6,15],"to":[0,-4,16],"rotation":{"angle":-0.1,"axis":"z","origin":[0,0,8]},"faces":{"east":{"uv":[16,4,15,6],"texture":"#side"},"west":{"uv":[15,4,16,6],"texture":"#side"}}},{"from":[16,-4,0],"to":[16,0,16],"rotation":{"angle":0.1,"axis":"z","origin":[16,0,8]},"faces":{"east":{"uv":[0,0,16,4],"texture":"#side"},"west":{"uv":[0,0,16,4],"texture":"#side"}}},{"from":[16,-5,0],"to":[16,-4,1],"rotation":{"angle":0.1,"axis":"z","origin":[16,0,8]},"faces":{"east":{"uv":[1,4,0,5],"texture":"#side"},"west":{"uv":[0,4,1,5],"texture":"#side"}}},{"from":[16,-5,3],"to":[16,-4,6],"rotation":{"angle":0.1,"axis":"z","origin":[16,0,8]},"faces":{"east":{"uv":[6,4,3,5],"texture":"#side"},"west":{"uv":[3,4,6,5],"texture":"#side"}}},{"from":[16,-7,4],"to":[16,-5,5],"rotation":{"angle":0.1,"axis":"z","origin":[16,0,8]},"faces":{"east":{"uv":[5,5,4,7],"texture":"#side"},"west":{"uv":[4,5,5,7],"texture":"#side"}}},{"from":[16,-6,7],"to":[16,-4,13],"rotation":{"angle":0.1,"axis":"z","origin":[16,0,8]},"faces":{"east":{"uv":[13,4,7,6],"texture":"#side"},"west":{"uv":[7,4,13,6],"texture":"#side"}}},{"from":[16,-7,7],"to":[16,-6,8],"rotation":{"angle":0.1,"axis":"z","origin":[16,0,8]},"faces":{"east":{"uv":[8,6,7,7],"texture":"#side"},"west":{"uv":[7,6,8,7],"texture":"#side"}}},{"from":[16,-8,9],"to":[16,-6,10],"rotation":{"angle":0.1,"axis":"z","origin":[16,0,8]},"faces":{"east":{"uv":[10,6,9,8],"texture":"#side"},"west":{"uv":[9,6,10,8],"texture":"#side"}}},{"from":[16,-7,10],"to":[16,-6,11],"rotation":{"angle":0.1,"axis":"z","origin":[16,0,8]},"faces":{"east":{"uv":[11,6,10,7],"texture":"#side"},"west":{"uv":[10,6,11,7],"texture":"#side"}}},{"from":[16,-8,11],"to":[16,-6,12],"rotation":{"angle":0.1,"axis":"z","origin":[16,0,8]},"faces":{"east":{"uv":[12,6,11,8],"texture":"#side"},"west":{"uv":[11,6,12,8],"texture":"#side"}}},{"from":[16,-5,14],"to":[16,-4,15],"rotation":{"angle":0.1,"axis":"z","origin":[16,0,8]},"faces":{"east":{"uv":[15,4,14,5],"texture":"#side"},"west":{"uv":[14,4,15,5],"texture":"#side"}}},{"from":[16,-6,15],"to":[16,-4,16],"rotation":{"angle":0.1,"axis":"z","origin":[16,0,8]},"faces":{"east":{"uv":[16,4,15,6],"texture":"#side"},"west":{"uv":[15,4,16,6],"texture":"#side"}}},{"from":[0,-4,16],"to":[16,0,16],"rotation":{"angle":-0.1,"axis":"x","origin":[8,0,16]},"faces":{"north":{"uv":[0,0,16,4],"texture":"#side"},"south":{"uv":[0,0,16,4],"texture":"#side"}}},{"from":[15,-5,16],"to":[16,-4,16],"rotation":{"angle":-0.1,"axis":"x","origin":[8,0,16]},"faces":{"north":{"uv":[0,4,1,5],"texture":"#side"},"south":{"uv":[1,4,0,5],"texture":"#side"}}},{"from":[10,-5,16],"to":[13,-4,16],"rotation":{"angle":-0.1,"axis":"x","origin":[8,0,16]},"faces":{"north":{"uv":[3,4,6,5],"texture":"#side"},"south":{"uv":[6,4,3,5],"texture":"#side"}}},{"from":[11,-7,16],"to":[12,-5,16],"rotation":{"angle":-0.1,"axis":"x","origin":[8,0,16]},"faces":{"north":{"uv":[4,5,5,7],"texture":"#side"},"south":{"uv":[5,5,4,7],"texture":"#side"}}},{"from":[3,-6,16],"to":[9,-4,16],"rotation":{"angle":-0.1,"axis":"x","origin":[8,0,16]},"faces":{"north":{"uv":[7,4,13,6],"texture":"#side"},"south":{"uv":[13,4,7,6],"texture":"#side"}}},{"from":[8,-7,16],"to":[9,-6,16],"rotation":{"angle":-0.1,"axis":"x","origin":[8,0,16]},"faces":{"north":{"uv":[7,6,8,7],"texture":"#side"},"south":{"uv":[8,6,7,7],"texture":"#side"}}},{"from":[6,-8,16],"to":[7,-6,16],"rotation":{"angle":-0.1,"axis":"x","origin":[8,0,16]},"faces":{"north":{"uv":[9,6,10,8],"texture":"#side"},"south":{"uv":[10,6,9,8],"texture":"#side"}}},{"from":[5,-7,16],"to":[6,-6,16],"rotation":{"angle":-0.1,"axis":"x","origin":[8,0,16]},"faces":{"north":{"uv":[10,6,11,7],"texture":"#side"},"south":{"uv":[11,6,10,7],"texture":"#side"}}},{"from":[4,-8,16],"to":[5,-6,16],"rotation":{"angle":-0.1,"axis":"x","origin":[8,0,16]},"faces":{"north":{"uv":[11,6,12,8],"texture":"#side"},"south":{"uv":[12,6,11,8],"texture":"#side"}}},{"from":[1,-5,16],"to":[2,-4,16],"rotation":{"angle":-0.1,"axis":"x","origin":[8,0,16]},"faces":{"north":{"uv":[14,4,15,5],"texture":"#side"},"south":{"uv":[15,4,14,5],"texture":"#side"}}},{"from":[0,-6,16],"to":[1,-4,16],"rotation":{"angle":-0.1,"axis":"x","origin":[8,0,16]},"faces":{"north":{"uv":[15,4,16,6],"texture":"#side"},"south":{"uv":[16,4,15,6],"texture":"#side"}}}]}