{
  "multipart": [
    {
      "apply": [
        {"model": "block/fungi/brown_mushroom/brown_mushroom"},
        {"model": "block/fungi/brown_mushroom/brown_mushroom_2"},
        {"model": "block/fungi/brown_mushroom/brown_mushroom_3"},
        {"model": "block/fungi/brown_mushroom/brown_mushroom_4"},
        {"model": "block/fungi/brown_mushroom/brown_mushroom_5"},
        {"model": "block/fungi/brown_mushroom/brown_mushroom_6"},
        {"model": "block/fungi/brown_mushroom/brown_mushroom_7"}
      ]
    },
    {
      "apply": [
        {"model": "null", "weight": 2},
        {"model": "block/fungi/brown_mushroom/brown_mushroom_bottom"},
        {"model": "block/fungi/brown_mushroom/brown_mushroom_bottom_2"}
      ]
    },
    {
      "apply": [
        {"model": "null", "weight": 4},
        {"model": "block/fungi/brown_mushroom/tiny_brown_mushroom"},
        {"model": "block/fungi/brown_mushroom/tiny_brown_mushroom_2"},
        {"model": "block/fungi/brown_mushroom/tiny_brown_mushroom_3"},
        {"model": "block/fungi/brown_mushroom/tiny_brown_mushroom_4"}
      ]
    }
  ]
}