{
  "variants": {
    "": [
      {"model": "block/fungi/red_mushroom/potted_red_mushroom"},
      {"model": "block/fungi/red_mushroom/potted_red_mushroom_2"},
      {"model": "block/fungi/red_mushroom/potted_red_mushroom_3"},
      {"model": "block/fungi/red_mushroom/potted_red_mushroom_4"},
      {"model": "block/fungi/red_mushroom/potted_red_mushroom_5"},
      {"model": "block/fungi/red_mushroom/potted_red_mushroom_6"},
      {"model": "block/fungi/red_mushroom/potted_red_mushroom_7"}
    ]
  }
}