{
  "variants": {
    "": [
      {"model": "block/fungi/brown_mushroom/potted_brown_mushroom"},
      {"model": "block/fungi/brown_mushroom/potted_brown_mushroom_2"},
      {"model": "block/fungi/brown_mushroom/potted_brown_mushroom_3"},
      {"model": "block/fungi/brown_mushroom/potted_brown_mushroom_4"},
      {"model": "block/fungi/brown_mushroom/potted_brown_mushroom_5"},
      {"model": "block/fungi/brown_mushroom/potted_brown_mushroom_6"},
      {"model": "block/fungi/brown_mushroom/potted_brown_mushroom_7"}
    ]
  }
}