{
	"format_version": "1.21.6",
	"credit": "Green Guy",
	"textures": {
		"side": "block/moss/moss_carpet_overlay",
		"particle": "block/moss/moss_block",
		"top": "block/moss/moss_block",
		"bottom": "block/moss/moss_carpet_underside"
	},
	"elements": [
		{
			"from": [0, 0, 0],
			"to": [16, 1, 16],
			"faces": {
				"north": {"uv": [0, 0, 16, 1], "texture": "#side", "cullface": "north"},
				"east": {"uv": [0, 0, 16, 1], "texture": "#side", "cullface": "east"},
				"south": {"uv": [0, 0, 16, 1], "texture": "#side", "cullface": "south"},
				"west": {"uv": [0, 1, 16, 0], "texture": "#side", "cullface": "west"},
				"up": {"uv": [0, 0, 16, 16], "texture": "#top"},
				"down": {"uv": [0, 16, 16, 0], "texture": "#bottom", "cullface": "down"}
			}
		},
		{
			"from": [0, -6, 0],
			"to": [16, 0, 16],
			"rotation": {"angle": 0, "axis": "y", "origin": [8, 0, 8]},
			"faces": {
				"north": {"uv": [0, 3, 16, 9], "texture": "#side"},
				"east": {"uv": [0, 3, 16, 9], "texture": "#side"},
				"south": {"uv": [0, 3, 16, 9], "texture": "#side"},
				"west": {"uv": [0, 3, 16, 9], "texture": "#side"}
			}
		},
		{
			"from": [0, -6, 16],
			"to": [16, 0, 0],
			"rotation": {"angle": 0, "axis": "y", "origin": [8, 0, 8]},
			"faces": {
				"north": {"uv": [16, 3, 0, 9], "texture": "#side"},
				"east": {"uv": [16, 3, 0, 9], "texture": "#side"},
				"south": {"uv": [16, 3, 0, 9], "texture": "#side"},
				"west": {"uv": [16, 3, 0, 9], "texture": "#side"}
			}
		}
	],
	"display": {
		"thirdperson_righthand": {
			"rotation": [75, 45, 0],
			"translation": [0, 2.5, 2],
			"scale": [0.375, 0.375, 0.375]
		},
		"thirdperson_lefthand": {
			"rotation": [75, 45, 0],
			"translation": [0, 2.5, 2],
			"scale": [0.375, 0.375, 0.375]
		},
		"firstperson_righthand": {
			"rotation": [0, 45, 0],
			"translation": [0, 4.2, 0],
			"scale": [0.4, 0.4, 0.4]
		},
		"firstperson_lefthand": {
			"rotation": [0, -135, 0],
			"translation": [0, 4.2, 0],
			"scale": [0.4, 0.4, 0.4]
		},
		"ground": {
			"translation": [0, 3, 0],
			"scale": [0.25, 0.25, 0.25]
		},
		"gui": {
			"rotation": [30, -135, 0],
			"translation": [0, 6, 0],
			"scale": [0.625, 0.625, 0.625]
		},
		"head": {
			"translation": [0, 15, 0]
		},
		"fixed": {
			"scale": [0.5, 0.5, 0.5]
		},
		"on_shelf": {
			"translation": [0, 4, 0]
		}
	}
}