{
  "multipart": [
    {
      "apply": [
        {"model": "block/snow/overlay/snow_overlay"},
        {"model": "block/snow/overlay/snow_overlay_2"},
        {"model": "block/snow/overlay/snow_overlay_3"},
        {"model": "block/snow/overlay/snow_overlay_4"}
      ]
    },
    {
      "when": {
        "layers": "1"
      },
      "apply": [
        {"model": "minecraft:block/snow_height2"}
      ]
    },
    {
      "when": {
        "layers": "2"
      },
      "apply": [
        {"model": "minecraft:block/snow_height2"}
      ]
    }
  ]
}