{
	"format_version": "1.21.6",
	"credit": "Green Guy",
	"parent": "block/thin_block",
	"textures": {
		"0": "block/moss/moss_carpet_overlay",
		"1": "block/moss/moss_block",
		"2": "block/moss/moss_carpet_underside",
		"particle": "block/moss/moss_carpet_overlay"
	},
	"elements": [
		{
			"from": [0, 0, 0],
			"to": [16, 1, 16],
			"faces": {
				"north": {"uv": [16, 0, 0, 1], "texture": "#1", "cullface": "north"},
				"east": {"uv": [15, 0, 16, 16], "rotation": 90, "texture": "#1", "cullface": "east"},
				"south": {"uv": [0, 15, 16, 16], "texture": "#1", "cullface": "south"},
				"west": {"uv": [1, 16, 0, 0], "rotation": 90, "texture": "#1", "cullface": "east"},
				"up": {"uv": [0, 0, 16, 16], "texture": "#1"},
				"down": {"uv": [0, 0, 16, 16], "texture": "#2", "cullface": "down"}
			}
		},
		{
			"from": [0, -8, 0],
			"to": [16, 0, 16],
			"rotation": {"angle": 0, "axis": "y", "origin": [0, -8, 0]},
			"faces": {
				"north": {"uv": [0, 0, 16, 8], "texture": "#0", "cullface": "north"},
				"east": {"uv": [0, 0, 16, 8], "texture": "#0", "cullface": "east"},
				"south": {"uv": [0, 0, 16, 8], "texture": "#0", "cullface": "south"},
				"west": {"uv": [0, 0, 16, 8], "texture": "#0", "cullface": "west"}
			}
		},
		{
			"from": [0, -8, 16],
			"to": [16, 0, 0],
			"rotation": {"angle": 0, "axis": "x", "origin": [0, -8, 0]},
			"faces": {
				"north": {"uv": [16, 0, 0, 8], "texture": "#0", "cullface": "south"},
				"east": {"uv": [16, 0, 0, 8], "texture": "#0", "cullface": "west"},
				"south": {"uv": [16, 0, 0, 8], "texture": "#0", "cullface": "north"},
				"west": {"uv": [16, 0, 0, 8], "texture": "#0", "cullface": "east"}
			}
		}
	]
}